Dimension,NNZ_per_row,Sparsity,Raw_Time
3,2,0.65,5.83e-07,
4,3,0.65,2.78e-07,
5,4,0.65,5.83e-07,
6,4,0.65,5.01e-07,
7,5,0.65,9.73e-07,
8,6,0.65,8.91e-07,
9,6,0.65,1.116e-06,
10,7,0.65,1.579e-06,
11,8,0.65,2.491e-06,
12,8,0.65,2.543e-06,
13,9,0.65,3.286e-06,
14,10,0.65,2.993e-06,
15,10,0.65,2.591e-06,
16,11,0.65,4.262e-06,
17,12,0.65,6.707e-06,
18,12,0.65,7.007e-06,
19,13,0.65,8.443e-06,
20,14,0.65,6.976e-06,
21,14,0.65,7.12e-06,
22,15,0.65,1.1597e-05,
23,15,0.65,7.572e-06,
24,16,0.65,9.271e-06,
25,17,0.65,1.1108e-05,
26,17,0.65,1.0632e-05,
27,18,0.65,1.2844e-05,
28,19,0.65,1.4211e-05,
29,19,0.65,2.3358e-05,
30,20,0.65,2.729e-05,
31,21,0.65,2.9787e-05,
32,21,0.65,1.9932e-05,
33,22,0.65,3.4178e-05,
34,23,0.65,6.6679e-05,
35,23,0.65,9.1758e-05,
36,24,0.65,6.2015e-05,
37,25,0.65,7.3852e-05,
38,25,0.65,6.9313e-05,
39,26,0.65,0.000120535,
40,27,0.65,8.9829e-05,
41,27,0.65,0.000142123,
42,28,0.65,9.2799e-05,
43,28,0.65,9.5368e-05,
44,29,0.65,4.9665e-05,
45,30,0.65,5.419e-05,
46,30,0.65,8.9984e-05,
47,31,0.65,6.0186e-05,
48,32,0.65,6.3607e-05,
49,32,0.65,0.000109388,
50,33,0.65,7.1322e-05,
51,34,0.65,0.000129607,
52,34,0.65,0.000129796,
53,35,0.65,8.4561e-05,
54,36,0.65,0.000150575,
55,36,0.65,9.0401e-05,
56,37,0.65,9.699e-05,
57,38,0.65,0.000103239,
58,38,0.65,0.000176535,
59,39,0.65,0.000112055,
60,40,0.65,0.000116292,
61,40,0.65,0.000119622,
62,41,0.65,0.000197054,
63,41,0.65,0.000213094,
64,42,0.65,0.000136613,
65,43,0.65,0.000118181,
66,43,0.65,0.000124873,
67,44,0.65,0.000131079,
68,45,0.65,0.000140228,
69,45,0.65,0.000237809,
70,46,0.65,0.000232463,
71,47,0.65,0.000155128,
72,47,0.65,0.0001596,
73,48,0.65,0.000160391,
74,49,0.65,0.000259726,
75,49,0.65,0.000169858,
76,50,0.65,0.000179854,
77,51,0.65,0.000189946,
78,51,0.65,0.000197576,
79,52,0.65,0.000204216,
80,53,0.65,0.000359499,
81,53,0.65,0.000249276,
82,54,0.65,0.000221653,
83,54,0.65,0.000225615,
84,55,0.65,0.000395839,
85,56,0.65,0.000287118,
86,56,0.65,0.000244608,
87,57,0.65,0.000424422,
88,58,0.65,0.000408415,
89,58,0.65,0.000449977,
90,59,0.65,0.00043478,
91,60,0.65,0.00044698,
92,60,0.65,0.000447042,
93,61,0.65,0.000477663,
94,62,0.65,0.00048226,
95,62,0.65,0.00032656,
96,63,0.65,0.000523245,
97,64,0.65,0.000350483,
98,64,0.65,0.00035603,
99,65,0.65,0.000630011,
100,66,0.65,0.00038228,
101,66,0.65,0.000515972,
102,67,0.65,0.000399177,
103,67,0.65,0.000404092,
104,68,0.65,0.000577704,
105,69,0.65,0.000436707,
106,69,0.65,0.000447535,
107,70,0.65,0.000466927,
108,71,0.65,0.000482247,
109,71,0.65,0.000477671,
110,72,0.65,0.000488807,
111,73,0.65,0.000517099,
112,73,0.65,0.000518706,
113,74,0.65,0.000533299,
114,75,0.65,0.00055938,
115,75,0.65,0.000880066,
116,76,0.65,0.000866946,
117,77,0.65,0.000759124,
118,77,0.65,0.000598491,
119,78,0.65,0.000746889,
120,79,0.65,0.000887286,
121,79,0.65,0.000643517,
122,80,0.65,0.00075423,
123,80,0.65,0.000665645,
124,81,0.65,0.000692288,
125,82,0.65,0.000758909,
126,82,0.65,0.000721064,
127,83,0.65,0.00074614,
128,84,0.65,0.00076312,
129,84,0.65,0.000764841,
130,85,0.65,0.000869692,
131,86,0.65,0.000812769,
132,86,0.65,0.00082428,
133,87,0.65,0.000845471,
134,88,0.65,0.000891305,
135,88,0.65,0.00110848,
136,89,0.65,0.00103848,
137,90,0.65,0.000995856,
138,90,0.65,0.000941628,
139,91,0.65,0.000950694,
140,92,0.65,0.000985117,
141,92,0.65,0.00120085,
142,93,0.65,0.00103921,
143,93,0.65,0.00101549,
144,94,0.65,0.00105399,
145,95,0.65,0.00108629,
146,95,0.65,0.00108418,
147,96,0.65,0.00125843,
148,97,0.65,0.00114796,
149,97,0.65,0.00125817,
150,98,0.65,0.0011823,
151,99,0.65,0.00124809,
152,99,0.65,0.00137752,
153,100,0.65,0.00144046,
154,101,0.65,0.00129377,
155,101,0.65,0.00128818,
156,102,0.65,0.00178195,
157,103,0.65,0.00136039,
158,103,0.65,0.00139346,
159,104,0.65,0.00145006,
160,105,0.65,0.00145353,
161,105,0.65,0.00147059,
162,106,0.65,0.00148353,
163,106,0.65,0.0016572,
164,107,0.65,0.00152189,
165,108,0.65,0.00156281,
166,108,0.65,0.00158184,
167,109,0.65,0.00160807,
168,110,0.65,0.0016514,
169,110,0.65,0.00167023,
170,111,0.65,0.00168328,
171,112,0.65,0.00172304,
172,112,0.65,0.0017389,
173,113,0.65,0.00181009,
174,114,0.65,0.00182798,
175,114,0.65,0.0018262,
176,115,0.65,0.00218481,
177,116,0.65,0.00217582,
178,116,0.65,0.00191665,
179,117,0.65,0.00197416,
180,118,0.65,0.00226777,
181,118,0.65,0.00203658,
182,119,0.65,0.00224161,
183,119,0.65,0.00206209,
184,120,0.65,0.00215111,
185,121,0.65,0.00226394,
186,121,0.65,0.00235753,
187,122,0.65,0.00222122,
188,123,0.65,0.00227202,
189,123,0.65,0.00230309,
190,124,0.65,0.00232911,
191,125,0.65,0.00237186,
192,125,0.65,0.00239447,
193,126,0.65,0.00276351,
194,127,0.65,0.00248043,
195,127,0.65,0.00251894,
196,128,0.65,0.00261362,
197,129,0.65,0.00261861,
198,129,0.65,0.00269606,
199,130,0.65,0.00265134,
200,131,0.65,0.0027562,
201,131,0.65,0.002847,
202,132,0.65,0.00295722,
203,132,0.65,0.00281888,
204,133,0.65,0.0028534,
205,134,0.65,0.00290314,
206,134,0.65,0.0029077,
207,135,0.65,0.00312464,
208,136,0.65,0.00303515,
209,136,0.65,0.00306654,
210,137,0.65,0.00312097,
211,138,0.65,0.00318421,
212,138,0.65,0.00343621,
213,139,0.65,0.0032998,
214,140,0.65,0.00329879,
215,140,0.65,0.00340638,
216,141,0.65,0.00336655,
217,142,0.65,0.00342818,
218,142,0.65,0.00363899,
219,143,0.65,0.00350031,
220,144,0.65,0.00356308,
221,144,0.65,0.00359246,
222,145,0.65,0.00381657,
223,145,0.65,0.00385615,
224,146,0.65,0.00374143,
225,147,0.65,0.00379149,
226,147,0.65,0.0038485,
227,148,0.65,0.0038716,
228,149,0.65,0.00397222,
229,149,0.65,0.00418708,
230,150,0.65,0.00404284,
231,151,0.65,0.00409981,
232,151,0.65,0.00440552,
233,152,0.65,0.00426121,
234,153,0.65,0.00424885,
235,153,0.65,0.00430158,
236,154,0.65,0.00433791,
237,155,0.65,0.00467939,
238,155,0.65,0.00442452,
239,156,0.65,0.00451049,
240,157,0.65,0.00458846,
241,157,0.65,0.00458816,
242,158,0.65,0.00468504,
243,158,0.65,0.00473899,
244,159,0.65,0.00515302,
245,160,0.65,0.00489903,
246,160,0.65,0.00489243,
247,161,0.65,0.00502982,
248,162,0.65,0.00504593,
249,162,0.65,0.00505847,
250,163,0.65,0.00511006,
251,164,0.65,0.00519177,
252,164,0.65,0.00524442,
253,165,0.65,0.00535164,
254,166,0.65,0.00541161,
255,166,0.65,0.00572897,
256,167,0.65,0.00547659,
257,168,0.65,0.00557385,
258,168,0.65,0.00576648,
259,169,0.65,0.0057423,
260,170,0.65,0.00578987,
261,170,0.65,0.00581317,
262,171,0.65,0.00588413,
263,171,0.65,0.00602726,
264,172,0.65,0.00604105,
265,173,0.65,0.00611426,
266,173,0.65,0.00611064,
267,174,0.65,0.00621403,
268,175,0.65,0.00629641,
269,175,0.65,0.00632094,
270,176,0.65,0.00668475,
271,177,0.65,0.00651998,
272,177,0.65,0.00658473,
273,178,0.65,0.00660597,
274,179,0.65,0.0067207,
275,179,0.65,0.0067545,
276,180,0.65,0.00686173,
277,181,0.65,0.00699856,
278,181,0.65,0.00699049,
279,182,0.65,0.0070725,
280,183,0.65,0.00754662,
281,183,0.65,0.00721427,
282,184,0.65,0.00732581,
283,184,0.65,0.007292,
284,185,0.65,0.00744723,
285,186,0.65,0.00767254,
286,186,0.65,0.00765728,
287,187,0.65,0.0076542,
288,188,0.65,0.0077734,
289,188,0.65,0.00778711,
290,189,0.65,0.00792684,
291,190,0.65,0.00799608,
292,190,0.65,0.008059,
293,191,0.65,0.00813353,
294,192,0.65,0.00834206,
295,192,0.65,0.00833258,
296,193,0.65,0.00850778,
297,194,0.65,0.00872318,
298,194,0.65,0.00867011,
299,195,0.65,0.00866297,
300,196,0.65,0.00878895,
301,196,0.65,0.0088879,
302,197,0.65,0.00887674,
303,197,0.65,0.00921563,
304,198,0.65,0.00923124,
305,199,0.65,0.0091917,
306,199,0.65,0.00923106,
307,200,0.65,0.00938742,
308,201,0.65,0.0095358,
309,201,0.65,0.00949003,
310,202,0.65,0.00966345,
311,203,0.65,0.00973076,
312,203,0.65,0.00981357,
313,204,0.65,0.00988569,
314,205,0.65,0.010047,
315,205,0.65,0.0100704,
316,206,0.65,0.0102039,
317,207,0.65,0.0104255,
318,207,0.65,0.0103769,
319,208,0.65,0.0104443,
320,209,0.65,0.0106509,
321,209,0.65,0.0106685,
322,210,0.65,0.0108439,
323,210,0.65,0.0108055,
324,211,0.65,0.0109665,
325,212,0.65,0.0111545,
326,212,0.65,0.0111104,
327,213,0.65,0.0114666,
328,214,0.65,0.0114291,
329,214,0.65,0.0114223,
330,215,0.65,0.0116649,
331,216,0.65,0.0117131,
332,216,0.65,0.0117262,
333,217,0.65,0.0118609,
334,218,0.65,0.0121005,
335,218,0.65,0.0121708,
336,219,0.65,0.0122026,
337,220,0.65,0.012355,
338,220,0.65,0.0125204,
339,221,0.65,0.0124513,
340,222,0.65,0.0128126,
341,222,0.65,0.0127234,
342,223,0.65,0.0129847,
343,223,0.65,0.0128871,
344,224,0.65,0.0130428,
345,225,0.65,0.0131567,
346,225,0.65,0.0132084,
347,226,0.65,0.0134845,
348,227,0.65,0.0135436,
349,227,0.65,0.0135748,
350,228,0.65,0.0137308,
351,229,0.65,0.0138868,
352,229,0.65,0.0138619,
353,230,0.65,0.0141007,
354,231,0.65,0.0144492,
355,231,0.65,0.0143537,
356,232,0.65,0.0145661,
357,233,0.65,0.0145956,
358,233,0.65,0.0144972,
359,234,0.65,0.0147705,
360,235,0.65,0.0150475,
361,235,0.65,0.0152737,
362,236,0.65,0.0152427,
363,236,0.65,0.0152113,
364,237,0.65,0.0155092,
365,238,0.65,0.0156531,
366,238,0.65,0.0157231,
367,239,0.65,0.0157819,
368,240,0.65,0.0161624,
369,240,0.65,0.0161139,
370,241,0.65,0.0161623,
371,242,0.65,0.016279,
372,242,0.65,0.0166675,
373,243,0.65,0.0165441,
374,244,0.65,0.0167314,
375,244,0.65,0.0167486,
376,245,0.65,0.0169883,
377,246,0.65,0.0171802,
378,246,0.65,0.0171846,
379,247,0.65,0.0172707,
380,248,0.65,0.0179694,
381,248,0.65,0.0176453,
382,249,0.65,0.0177936,
383,249,0.65,0.0179466,
384,250,0.65,0.0181328,
385,251,0.65,0.0184087,
386,251,0.65,0.0184758,
387,252,0.65,0.0186615,
388,253,0.65,0.018592,
389,253,0.65,0.0186939,
390,254,0.65,0.018973,
391,255,0.65,0.0191109,
392,255,0.65,0.019028,
393,256,0.65,0.0192473,
394,257,0.65,0.0194434,
395,257,0.65,0.0199193,
396,258,0.65,0.0197767,
397,259,0.65,0.0201577,
398,259,0.65,0.0199666,
399,260,0.65,0.0202719,
400,261,0.65,0.0204896,
401,261,0.65,0.0207199,
402,262,0.65,0.0206794,
403,262,0.65,0.0206479,
404,263,0.65,0.0209843,
405,264,0.65,0.0211795,
406,264,0.65,0.0211325,
407,265,0.65,0.0213397,
408,266,0.65,0.021654,
409,266,0.65,0.0216496,
410,267,0.65,0.0217929,
411,268,0.65,0.0220376,
412,268,0.65,0.0220944,
413,269,0.65,0.0223465,
414,270,0.65,0.0225318,
415,270,0.65,0.0231533,
416,271,0.65,0.0228623,
417,272,0.65,0.0231045,
418,272,0.65,0.0230604,
419,273,0.65,0.0233019,
420,274,0.65,0.0235517,
421,274,0.65,0.0235962,
422,275,0.65,0.0238935,
423,275,0.65,0.0239323,
424,276,0.65,0.0242076,
425,277,0.65,0.0243129,
426,277,0.65,0.0244785,
427,278,0.65,0.0248256,
428,279,0.65,0.0248766,
429,279,0.65,0.0248764,
430,280,0.65,0.0253034,
431,281,0.65,0.025904,
432,281,0.65,0.025375,
433,282,0.65,0.0264661,
434,283,0.65,0.0258707,
435,283,0.65,0.0258579,
436,284,0.65,0.0263168,
437,285,0.65,0.0264121,
438,285,0.65,0.0265422,
439,286,0.65,0.0267272,
440,287,0.65,0.0269179,
441,287,0.65,0.027014,
442,288,0.65,0.0273341,
443,288,0.65,0.0274198,
444,289,0.65,0.0275886,
445,290,0.65,0.0279437,
446,290,0.65,0.0279027,
447,291,0.65,0.0282516,
448,292,0.65,0.0284557,
449,292,0.65,0.028906,
450,293,0.65,0.0286751,
451,294,0.65,0.0291056,
452,294,0.65,0.0293111,
453,295,0.65,0.0296457,
454,296,0.65,0.029718,
455,296,0.65,0.0295659,
456,297,0.65,0.0298816,
457,298,0.65,0.0301713,
458,298,0.65,0.0305216,
459,299,0.65,0.0304858,
460,300,0.65,0.0311509,
461,300,0.65,0.0309447,
462,301,0.65,0.0311422,
463,301,0.65,0.031327,
464,302,0.65,0.0314363,
465,303,0.65,0.0317921,
466,303,0.65,0.0318403,
467,304,0.65,0.0322561,
468,305,0.65,0.0326641,
469,305,0.65,0.0325176,
470,306,0.65,0.0327669,
471,307,0.65,0.0329466,
472,307,0.65,0.0330268,
473,308,0.65,0.0334129,
474,309,0.65,0.0335817,
475,309,0.65,0.0335885,
476,310,0.65,0.0338449,
477,311,0.65,0.0347639,
478,311,0.65,0.0342716,
479,312,0.65,0.0345554,
480,313,0.65,0.0347769,
481,313,0.65,0.0352301,
482,314,0.65,0.0351332,
483,314,0.65,0.0352976,
484,315,0.65,0.036259,
485,316,0.65,0.0358764,
486,316,0.65,0.0361386,
487,317,0.65,0.0361875,
488,318,0.65,0.0373132,
489,318,0.65,0.0366326,
490,319,0.65,0.0369593,
491,320,0.65,0.0375719,
492,320,0.65,0.0423163,
493,321,0.65,0.0382739,
494,322,0.65,0.0390292,
495,322,0.65,0.0390422,
496,323,0.65,0.0391473,
497,324,0.65,0.0393757,
498,324,0.65,0.0393408,
499,325,0.65,0.0400272,
500,326,0.65,0.0404054,
501,326,0.65,0.0402575,
502,327,0.65,0.040824,
503,327,0.65,0.0404961,
504,328,0.65,0.0408616,
505,329,0.65,0.0411581,
506,329,0.65,0.041726,
507,330,0.65,0.0415774,
508,331,0.65,0.0420291,
509,331,0.65,0.0420367,
510,332,0.65,0.0426238,
511,333,0.65,0.0426124,
512,333,0.65,0.042766,
513,334,0.65,0.0431826,
514,335,0.65,0.0437888,
515,335,0.65,0.0436163,
516,336,0.65,0.0443279,
517,337,0.65,0.045105,
518,337,0.65,0.0441982,
519,338,0.65,0.0446146,
520,339,0.65,0.0453977,
521,339,0.65,0.0449448,
522,340,0.65,0.0454397,
523,340,0.65,0.0456707,
524,341,0.65,0.0459556,
525,342,0.65,0.046351,
526,342,0.65,0.046611,
527,343,0.65,0.0470352,
528,344,0.65,0.0469336,
529,344,0.65,0.0469897,
530,345,0.65,0.0473276,
531,346,0.65,0.0478667,
532,346,0.65,0.0481385,
533,347,0.65,0.0488216,
534,348,0.65,0.0486662,
535,348,0.65,0.0489498,
536,349,0.65,0.049094,
537,350,0.65,0.0495266,
538,350,0.65,0.0495234,
539,351,0.65,0.0501541,
540,352,0.65,0.0502234,
541,352,0.65,0.0502725,
542,353,0.65,0.05095,
543,353,0.65,0.0508252,
544,354,0.65,0.0512117,
545,355,0.65,0.0518653,
546,355,0.65,0.0515899,
547,356,0.65,0.0532101,
548,357,0.65,0.0524657,
549,357,0.65,0.052533,
550,358,0.65,0.0529582,
551,359,0.65,0.0534545,
552,359,0.65,0.0536037,
553,360,0.65,0.0537424,
554,361,0.65,0.054621,
555,361,0.65,0.0543616,
556,362,0.65,0.05464,
557,363,0.65,0.0551703,
558,363,0.65,0.0553314,
559,364,0.65,0.0556742,
560,365,0.65,0.0560133,
561,365,0.65,0.05648,
562,366,0.65,0.0564434,
563,366,0.65,0.0568846,
564,367,0.65,0.0575543,
565,368,0.65,0.0573507,
566,368,0.65,0.0579001,
567,369,0.65,0.0577923,
568,370,0.65,0.0584415,
569,370,0.65,0.0583061,
570,371,0.65,0.0590757,
571,372,0.65,0.0592833,
572,372,0.65,0.0598245,
573,373,0.65,0.0604155,
574,374,0.65,0.0601212,
575,374,0.65,0.0605054,
576,375,0.65,0.0606358,
577,376,0.65,0.0612962,
578,376,0.65,0.0611369,
579,377,0.65,0.0620129,
580,378,0.65,0.0621864,
581,378,0.65,0.0624131,
582,379,0.65,0.0627958,
583,379,0.65,0.0626611,
584,380,0.65,0.0636047,
585,381,0.65,0.0639921,
586,381,0.65,0.0641617,
587,382,0.65,0.0640383,
588,383,0.65,0.065124,
589,383,0.65,0.0647655,
590,384,0.65,0.0653931,
591,385,0.65,0.0656137,
592,385,0.65,0.0658393,
593,386,0.65,0.066645,
594,387,0.65,0.0665772,
595,387,0.65,0.0667282,
596,388,0.65,0.0671673,
597,389,0.65,0.0681216,
598,389,0.65,0.0680174,
599,390,0.65,0.0685099,
600,391,0.65,0.0688189,
601,391,0.65,0.0686824,
602,392,0.65,0.0694603,
603,392,0.65,0.069286,
604,393,0.65,0.0699717,
605,394,0.65,0.0700876,
606,394,0.65,0.0703365,
607,395,0.65,0.0714347,
608,396,0.65,0.0720436,
609,396,0.65,0.0714247,
610,397,0.65,0.0719785,
611,398,0.65,0.0722897,
612,398,0.65,0.0728745,
613,399,0.65,0.073175,
614,400,0.65,0.0736177,
615,400,0.65,0.0743278,
616,401,0.65,0.0743848,
617,402,0.65,0.0745909,
618,402,0.65,0.0751029,
619,403,0.65,0.0750105,
620,404,0.65,0.0759624,
621,404,0.65,0.0763297,
622,405,0.65,0.0764394,
623,405,0.65,0.0767484,
624,406,0.65,0.0774808,
625,407,0.65,0.0774232,
626,407,0.65,0.077478,
627,408,0.65,0.078108,
628,409,0.65,0.0789179,
629,409,0.65,0.0787962,
630,410,0.65,0.0792759,
631,411,0.65,0.0800571,
632,411,0.65,0.0799119,
633,412,0.65,0.0801178,
634,413,0.65,0.0810748,
635,413,0.65,0.0809666,
636,414,0.65,0.0813134,
637,415,0.65,0.0816278,
638,415,0.65,0.0825017,
639,416,0.65,0.0833463,
640,417,0.65,0.0837149,
641,417,0.65,0.0830891,
642,418,0.65,0.0839514,
643,418,0.65,0.0838575,
644,419,0.65,0.0850442,
645,420,0.65,0.0848948,
646,420,0.65,0.0852125,
647,421,0.65,0.0859597,
648,422,0.65,0.0860753,
649,422,0.65,0.0864355,
650,423,0.65,0.086728,
651,424,0.65,0.0872866,
652,424,0.65,0.0876858,
653,425,0.65,0.0883278,
654,426,0.65,0.0884066,
655,426,0.65,0.0887871,
656,427,0.65,0.089627,
657,428,0.65,0.0899682,
658,428,0.65,0.0898719,
659,429,0.65,0.0907896,
660,430,0.65,0.0909819,
661,430,0.65,0.0920703,
662,431,0.65,0.0919253,
663,431,0.65,0.0919129,
664,432,0.65,0.0924802,
665,433,0.65,0.0927952,
666,433,0.65,0.0931699,
667,434,0.65,0.0938382,
668,435,0.65,0.0941113,
669,435,0.65,0.094334,
670,436,0.65,0.0948596,
671,437,0.65,0.0958044,
672,437,0.65,0.0958077,
673,438,0.65,0.0959782,
674,439,0.65,0.0968197,
675,439,0.65,0.0976505,
676,440,0.65,0.0979304,
677,441,0.65,0.0984332,
678,441,0.65,0.0985788,
679,442,0.65,0.100387,
680,443,0.65,0.099373,
681,443,0.65,0.0995076,
682,444,0.65,0.100017,
683,444,0.65,0.10061,
684,445,0.65,0.101274,
685,446,0.65,0.101652,
686,446,0.65,0.10161,
687,447,0.65,0.102378,
688,448,0.65,0.103099,
689,448,0.65,0.102983,
690,449,0.65,0.103738,
691,450,0.65,0.104383,
692,450,0.65,0.104865,
693,451,0.65,0.105119,
694,452,0.65,0.10565,
695,452,0.65,0.105838,
696,453,0.65,0.106076,
697,454,0.65,0.107133,
698,454,0.65,0.107853,
699,455,0.65,0.108325,
700,456,0.65,0.108588,
701,456,0.65,0.108675,
702,457,0.65,0.109442,
703,457,0.65,0.109835,
704,458,0.65,0.110512,
705,459,0.65,0.111015,
706,459,0.65,0.110963,
707,460,0.65,0.111823,
708,461,0.65,0.111972,
709,461,0.65,0.112422,
710,462,0.65,0.112809,
711,463,0.65,0.112979,
712,463,0.65,0.113624,
713,464,0.65,0.1146,
714,465,0.65,0.114838,
715,465,0.65,0.115713,
716,466,0.65,0.115579,
717,467,0.65,0.116079,
718,467,0.65,0.117035,
719,468,0.65,0.117118,
720,469,0.65,0.118366,
721,469,0.65,0.118259,
722,470,0.65,0.119179,
723,470,0.65,0.118987,
724,471,0.65,0.119239,
725,472,0.65,0.120493,
726,472,0.65,0.120274,
727,473,0.65,0.120793,
728,474,0.65,0.1217,
729,474,0.65,0.121759,
730,475,0.65,0.123006,
731,476,0.65,0.123031,
732,476,0.65,0.123433,
733,477,0.65,0.124705,
734,478,0.65,0.124636,
735,478,0.65,0.124939,
736,479,0.65,0.125591,
737,480,0.65,0.126169,
738,480,0.65,0.127292,
739,481,0.65,0.127031,
740,482,0.65,0.127958,
741,482,0.65,0.127988,
742,483,0.65,0.128933,
743,483,0.65,0.128704,
744,484,0.65,0.129429,
745,485,0.65,0.130655,
746,485,0.65,0.130794,
747,486,0.65,0.131577,
748,487,0.65,0.13254,
749,487,0.65,0.131849,
750,488,0.65,0.132619,
751,489,0.65,0.133291,
752,489,0.65,0.13355,
753,490,0.65,0.134747,
754,491,0.65,0.135111,
755,491,0.65,0.13516,
756,492,0.65,0.135838,
757,493,0.65,0.137058,
758,493,0.65,0.137212,
759,494,0.65,0.137742,
760,495,0.65,0.138398,
761,495,0.65,0.138922,
762,496,0.65,0.13952,
763,496,0.65,0.139888,
764,497,0.65,0.140312,
765,498,0.65,0.141174,
766,498,0.65,0.141217,
767,499,0.65,0.142419,
768,500,0.65,0.142706,
769,500,0.65,0.142841,
770,501,0.65,0.14313,
771,502,0.65,0.144489,
772,502,0.65,0.144624,
773,503,0.65,0.145939,
774,504,0.65,0.14668,
775,504,0.65,0.147185,
776,505,0.65,0.146959,
777,506,0.65,0.148005,
778,506,0.65,0.148132,
779,507,0.65,0.14885,
780,508,0.65,0.149541,
781,508,0.65,0.150738,
782,509,0.65,0.151156,
783,509,0.65,0.151099,
784,510,0.65,0.151539,
785,511,0.65,0.152394,
786,511,0.65,0.152389,
787,512,0.65,0.153144,
788,513,0.65,0.154847,
789,513,0.65,0.154254,
790,514,0.65,0.155629,
791,515,0.65,0.156042,
792,515,0.65,0.155786,
793,516,0.65,0.157083,
794,517,0.65,0.157544,
795,517,0.65,0.158596,
796,518,0.65,0.158307,
797,519,0.65,0.159317,
798,519,0.65,0.159556,
799,520,0.65,0.161264,
800,521,0.65,0.161572,
801,521,0.65,0.161674,
802,522,0.65,0.162569,
803,522,0.65,0.162494,
804,523,0.65,0.163662,
805,524,0.65,0.164336,
806,524,0.65,0.165055,
807,525,0.65,0.165005,
808,526,0.65,0.16554,
809,526,0.65,0.166478,
810,527,0.65,0.16723,
811,528,0.65,0.168105,
812,528,0.65,0.168188,
813,529,0.65,0.168931,
814,530,0.65,0.170439,
815,530,0.65,0.170156,
816,531,0.65,0.170618,
817,532,0.65,0.171251,
818,532,0.65,0.172004,
819,533,0.65,0.172369,
820,534,0.65,0.173402,
821,534,0.65,0.17366,
822,535,0.65,0.174491,
823,535,0.65,0.174755,
824,536,0.65,0.175694,
825,537,0.65,0.177017,
826,537,0.65,0.176705,
827,538,0.65,0.177812,
828,539,0.65,0.17849,
829,539,0.65,0.17827,
830,540,0.65,0.179814,
831,541,0.65,0.180518,
832,541,0.65,0.180537,
833,542,0.65,0.181215,
834,543,0.65,0.183347,
835,543,0.65,0.182321,
836,544,0.65,0.183696,
837,545,0.65,0.18447,
838,545,0.65,0.185224,
839,546,0.65,0.185321,
840,547,0.65,0.186331,
841,547,0.65,0.186565,
842,548,0.65,0.187974,
843,548,0.65,0.187653,
844,549,0.65,0.188498,
845,550,0.65,0.189245,
846,550,0.65,0.189324,
847,551,0.65,0.190913,
848,552,0.65,0.191753,
849,552,0.65,0.192481,
850,553,0.65,0.193139,
851,554,0.65,0.193507,
852,554,0.65,0.194413,
853,555,0.65,0.194541,
854,556,0.65,0.195451,
855,556,0.65,0.196012,
856,557,0.65,0.197938,
857,558,0.65,0.198311,
858,558,0.65,0.198478,
859,559,0.65,0.199021,
860,560,0.65,0.200769,
861,560,0.65,0.199995,
862,561,0.65,0.201581,
863,561,0.65,0.201511,
864,562,0.65,0.202522,
865,563,0.65,0.20373,
866,563,0.65,0.20378,
867,564,0.65,0.204481,
868,565,0.65,0.205391,
869,565,0.65,0.205365,
870,566,0.65,0.206417,
871,567,0.65,0.207513,
872,567,0.65,0.208704,
873,568,0.65,0.208704,
874,569,0.65,0.209903,
875,569,0.65,0.210445,
876,570,0.65,0.210766,
877,571,0.65,0.211805,
878,571,0.65,0.212213,
879,572,0.65,0.213285,
880,573,0.65,0.21415,
881,573,0.65,0.214791,
882,574,0.65,0.215,
883,574,0.65,0.215936,
884,575,0.65,0.216409,
885,576,0.65,0.21827,
886,576,0.65,0.217956,
887,577,0.65,0.218465,
888,578,0.65,0.220513,
889,578,0.65,0.220295,
890,579,0.65,0.221045,
891,580,0.65,0.221851,
892,580,0.65,0.222652,
893,581,0.65,0.223795,
894,582,0.65,0.226011,
895,582,0.65,0.22551,
896,583,0.65,0.226299,
897,584,0.65,0.226114,
898,584,0.65,0.227585,
899,585,0.65,0.227677,
900,586,0.65,0.229011,
901,586,0.65,0.228897,
902,587,0.65,0.230752,
903,587,0.65,0.231828,
904,588,0.65,0.231433,
905,589,0.65,0.233052,
906,589,0.65,0.232464,
907,590,0.65,0.23392,
908,591,0.65,0.234839,
909,591,0.65,0.235043,
910,592,0.65,0.236073,
911,593,0.65,0.238026,
912,593,0.65,0.237276,
913,594,0.65,0.23887,
914,595,0.65,0.240605,
915,595,0.65,0.239494,
916,596,0.65,0.240821,
917,597,0.65,0.242278,
918,597,0.65,0.242283,
919,598,0.65,0.243432,
920,599,0.65,0.244563,
921,599,0.65,0.245632,
922,600,0.65,0.245382,
923,600,0.65,0.246346,
924,601,0.65,0.247377,
925,602,0.65,0.2482,
926,602,0.65,0.248331,
927,603,0.65,0.249131,
928,604,0.65,0.250769,
929,604,0.65,0.250805,
930,605,0.65,0.252255,
931,606,0.65,0.25329,
932,606,0.65,0.253676,
933,607,0.65,0.255463,
934,608,0.65,0.255603,
935,608,0.65,0.255442,
936,609,0.65,0.256904,
937,610,0.65,0.257974,
938,610,0.65,0.258684,
939,611,0.65,0.259782,
940,612,0.65,0.260847,
941,612,0.65,0.261122,
942,613,0.65,0.262446,
943,613,0.65,0.261993,
944,614,0.65,0.263025,
945,615,0.65,0.263907,
946,615,0.65,0.264408,
947,616,0.65,0.266458,
948,617,0.65,0.267143,
949,617,0.65,0.268353,
950,618,0.65,0.268138,
951,619,0.65,0.269574,
952,619,0.65,0.270227,
953,620,0.65,0.271045,
954,621,0.65,0.271988,
955,621,0.65,0.273025,
956,622,0.65,0.274136,
957,623,0.65,0.274933,
958,623,0.65,0.275604,
959,624,0.65,0.276032,
960,625,0.65,0.276983,
961,625,0.65,0.277755,
962,626,0.65,0.278535,
963,626,0.65,0.278904,
964,627,0.65,0.280361,
965,628,0.65,0.281472,
966,628,0.65,0.281572,
967,629,0.65,0.283008,
968,630,0.65,0.283926,
969,630,0.65,0.284527,
970,631,0.65,0.285818,
971,632,0.65,0.287695,
972,632,0.65,0.28779,
973,633,0.65,0.288445,
974,634,0.65,0.289442,
975,634,0.65,0.290511,
976,635,0.65,0.291317,
977,636,0.65,0.292266,
978,636,0.65,0.292775,
979,637,0.65,0.293651,
980,638,0.65,0.295609,
981,638,0.65,0.295914,
982,639,0.65,0.297631,
983,639,0.65,0.297439,
984,640,0.65,0.298176,
985,641,0.65,0.300084,
986,641,0.65,0.300403,
987,642,0.65,0.301396,
988,643,0.65,0.301865,
989,643,0.65,0.302224,
990,644,0.65,0.304606,
991,645,0.65,0.305221,
992,645,0.65,0.305355,
993,646,0.65,0.307305,
994,647,0.65,0.308353,
995,647,0.65,0.308195,
996,648,0.65,0.309743,
997,649,0.65,0.310605,
998,649,0.65,0.311089,
999,650,0.65,0.313102,
1000,651,0.65,0.313947,
1001,651,0.65,0.314496,
1002,652,0.65,0.315665,
1003,652,0.65,0.315354,
1004,653,0.65,0.316857,
1005,654,0.65,0.318479,
1006,654,0.65,0.318886,
1007,655,0.65,0.32025,
1008,656,0.65,0.321245,
1009,656,0.65,0.322507,
1010,657,0.65,0.323074,
1011,658,0.65,0.325818,
1012,658,0.65,0.326053,
1013,659,0.65,0.325781,
1014,660,0.65,0.327105,
1015,660,0.65,0.328465,
1016,661,0.65,0.328514,
1017,662,0.65,0.33041,
1018,662,0.65,0.331191,
1019,663,0.65,0.332032,
1020,664,0.65,0.332735,
1021,664,0.65,0.333728,
1022,665,0.65,0.335055,
1023,665,0.65,0.335504,
1024,666,0.65,0.337928,
1025,667,0.65,0.33807,
1026,667,0.65,0.339274,
1027,668,0.65,0.339968,
1028,669,0.65,0.341464,
1029,669,0.65,0.341537,
1030,670,0.65,0.342592,
1031,671,0.65,0.34406,
1032,671,0.65,0.344463,
1033,672,0.65,0.345727,
1034,673,0.65,0.347344,
1035,673,0.65,0.348602,
1036,674,0.65,0.350152,
1037,675,0.65,0.350445,
1038,675,0.65,0.350091,
1039,676,0.65,0.352001,
1040,677,0.65,0.353493,
1041,677,0.65,0.353372,
1042,678,0.65,0.35532,
1043,678,0.65,0.355824,
1044,679,0.65,0.356591,
1045,680,0.65,0.359007,
1046,680,0.65,0.358797,
1047,681,0.65,0.359711,
1048,682,0.65,0.361488,
1049,682,0.65,0.361559,
1050,683,0.65,0.365154,
1051,684,0.65,0.365339,
1052,684,0.65,0.365786,
1053,685,0.65,0.366439,
1054,686,0.65,0.367713,
1055,686,0.65,0.36829,
1056,687,0.65,0.369662,
1057,688,0.65,0.372138,
1058,688,0.65,0.370868,
1059,689,0.65,0.374088,
1060,690,0.65,0.374055,
1061,690,0.65,0.375556,
1062,691,0.65,0.377003,
1063,691,0.65,0.377735,
1064,692,0.65,0.378094,
1065,693,0.65,0.379016,
1066,693,0.65,0.379781,
1067,694,0.65,0.381785,
1068,695,0.65,0.383052,
1069,695,0.65,0.383851,
1070,696,0.65,0.384728,
1071,697,0.65,0.386261,
1072,697,0.65,0.387726,
1073,698,0.65,0.388549,
1074,699,0.65,0.389643,
1075,699,0.65,0.390514,
1076,700,0.65,0.391418,
1077,701,0.65,0.394105,
1078,701,0.65,0.392818,
1079,702,0.65,0.394939,
1080,703,0.65,0.395647,
1081,703,0.65,0.396048,
1082,704,0.65,0.398022,
1083,704,0.65,0.398359,
1084,705,0.65,0.400379,
1085,706,0.65,0.401706,
1086,706,0.65,0.401318,
1087,707,0.65,0.402534,
1088,708,0.65,0.405702,
1089,708,0.65,0.405293,
1090,709,0.65,0.407486,
1091,710,0.65,0.409501,
1092,710,0.65,0.408452,
1093,711,0.65,0.411931,
1094,712,0.65,0.413298,
1095,712,0.65,0.413014,
1096,713,0.65,0.414805,
1097,714,0.65,0.416817,
1098,714,0.65,0.416426,
1099,715,0.65,0.418931,
1100,716,0.65,0.419984,
1101,716,0.65,0.41976,
1102,717,0.65,0.421428,
1103,717,0.65,0.422107,
1104,718,0.65,0.424005,
1105,719,0.65,0.42585,
1106,719,0.65,0.430596,
1107,720,0.65,0.43205,
1108,721,0.65,0.433263,
1109,721,0.65,0.433584,
1110,722,0.65,0.435831,
1111,723,0.65,0.435727,
1112,723,0.65,0.437661,
1113,724,0.65,0.43938,
1114,725,0.65,0.441922,
1115,725,0.65,0.441079,
1116,726,0.65,0.442393,
1117,727,0.65,0.445872,
1118,727,0.65,0.444381,
1119,728,0.65,0.446709,
1120,729,0.65,0.450155,
1121,729,0.65,0.448904,
1122,730,0.65,0.450726,
1123,730,0.65,0.451972,
1124,731,0.65,0.452031,
1125,732,0.65,0.456473,
1126,732,0.65,0.454143,
1127,733,0.65,0.457111,
1128,734,0.65,0.45781,
1129,734,0.65,0.459482,
1130,735,0.65,0.459254,
1131,736,0.65,0.462894,
1132,736,0.65,0.463179,
1133,737,0.65,0.465272,
1134,738,0.65,0.467682,
1135,738,0.65,0.46802,
1136,739,0.65,0.467632,
1137,740,0.65,0.46889,
1138,740,0.65,0.471549,
1139,741,0.65,0.472733,
1140,742,0.65,0.475196,
1141,742,0.65,0.474882,
1142,743,0.65,0.476748,
1143,743,0.65,0.47897,
1144,744,0.65,0.480009,
1145,745,0.65,0.479776,
1146,745,0.65,0.483571,
1147,746,0.65,0.481582,
1148,747,0.65,0.485901,
1149,747,0.65,0.484824,
1150,748,0.65,0.486981,
1151,749,0.65,0.486564,
1152,749,0.65,0.488706,
1153,750,0.65,0.491129,
1154,751,0.65,0.492567,
1155,751,0.65,0.491896,
1156,752,0.65,0.494615,
1157,753,0.65,0.497004,
1158,753,0.65,0.496718,
1159,754,0.65,0.499121,
1160,755,0.65,0.502809,
1161,755,0.65,0.50084,
1162,756,0.65,0.50034,
1163,756,0.65,0.503297,
1164,757,0.65,0.503462,
1165,758,0.65,0.507327,
1166,758,0.65,0.507263,
1167,759,0.65,0.507987,
1168,760,0.65,0.511332,
1169,760,0.65,0.510767,
1170,761,0.65,0.514445,
1171,762,0.65,0.514163,
1172,762,0.65,0.51524,
1173,763,0.65,0.517968,
1174,764,0.65,0.520588,
1175,764,0.65,0.517871,
1176,765,0.65,0.520857,
1177,766,0.65,0.522927,
1178,766,0.65,0.525332,
1179,767,0.65,0.523716,
1180,768,0.65,0.528506,
1181,768,0.65,0.526677,
1182,769,0.65,0.528762,
1183,769,0.65,0.530933,
1184,770,0.65,0.532148,
1185,771,0.65,0.532168,
1186,771,0.65,0.533324,
1187,772,0.65,0.534473,
1188,773,0.65,0.537937,
1189,773,0.65,0.536551,
1190,774,0.65,0.540127,
1191,775,0.65,0.542136,
1192,775,0.65,0.542299,
1193,776,0.65,0.543612,
1194,777,0.65,0.545442,
1195,777,0.65,0.546447,
1196,778,0.65,0.548405,
1197,779,0.65,0.55016,
1198,779,0.65,0.550638,
1199,780,0.65,0.554192,
1200,781,0.65,0.555222,
1201,781,0.65,0.555014,
1202,782,0.65,0.558323,
1203,782,0.65,0.557521,
1204,783,0.65,0.561272,
1205,784,0.65,0.561855,
1206,784,0.65,0.560793,
1207,785,0.65,0.564576,
1208,786,0.65,0.567373,
1209,786,0.65,0.564539,
1210,787,0.65,0.568446,
1211,788,0.65,0.571565,
1212,788,0.65,0.569817,
1213,789,0.65,0.574118,
1214,790,0.65,0.57288,
1215,790,0.65,0.574883,
1216,791,0.65,0.57813,
1217,792,0.65,0.578719,
1218,792,0.65,0.579917,
1219,793,0.65,0.582558,
1220,794,0.65,0.582121,
1221,794,0.65,0.584742,
1222,795,0.65,0.586665,
1223,795,0.65,0.586166,
1224,796,0.65,0.586672,
1225,797,0.65,0.59146,
1226,797,0.65,0.589152,
1227,798,0.65,0.591577,
1228,799,0.65,0.5966,
1229,799,0.65,0.594867,
1230,800,0.65,0.596877,
1231,801,0.65,0.601253,
1232,801,0.65,0.599271,
1233,802,0.65,0.601087,
1234,803,0.65,0.606019,
1235,803,0.65,0.602929,
1236,804,0.65,0.605791,
1237,805,0.65,0.606203,
1238,805,0.65,0.608113,
1239,806,0.65,0.612296,
1240,807,0.65,0.611472,
1241,807,0.65,0.61415,
1242,808,0.65,0.613377,
1243,808,0.65,0.615313,
1244,809,0.65,0.617686,
1245,810,0.65,0.620858,
1246,810,0.65,0.619807,
1247,811,0.65,0.622143,
1248,812,0.65,0.626017,
1249,812,0.65,0.625551,
1250,813,0.65,0.626762,
1251,814,0.65,0.628746,
1252,814,0.65,0.631255,
1253,815,0.65,0.630728,
1254,816,0.65,0.633888,
1255,816,0.65,0.633303,
1256,817,0.65,0.636852,
1257,818,0.65,0.637822,
1258,818,0.65,0.640492,
1259,819,0.65,0.64165,
1260,820,0.65,0.643338,
1261,820,0.65,0.645082,
1262,821,0.65,0.645577,
1263,821,0.65,0.646125,
1264,822,0.65,0.647844,
1265,823,0.65,0.651936,
1266,823,0.65,0.651607,
1267,824,0.65,0.65331,
1268,825,0.65,0.654225,
1269,825,0.65,0.65669,
1270,826,0.65,0.656735,
1271,827,0.65,0.658738,
1272,827,0.65,0.661835,
1273,828,0.65,0.664171,
1274,829,0.65,0.663056,
1275,829,0.65,0.666635,
1276,830,0.65,0.6693,
1277,831,0.65,0.669459,
1278,831,0.65,0.670035,
1279,832,0.65,0.673542,
1280,833,0.65,0.675263,
1281,833,0.65,0.675244,
1282,834,0.65,0.676869,
1283,834,0.65,0.678403,
1284,835,0.65,0.679857,
1285,836,0.65,0.681792,
1286,836,0.65,0.682655,
1287,837,0.65,0.68402,
1288,838,0.65,0.688346,
1289,838,0.65,0.687799,
1290,839,0.65,0.69133,
1291,840,0.65,0.691674,
1292,840,0.65,0.693482,
1293,841,0.65,0.694408,
1294,842,0.65,0.697978,
1295,842,0.65,0.698881,
1296,843,0.65,0.700517,
1297,844,0.65,0.703033,
1298,844,0.65,0.70275,
1299,845,0.65,0.704435,
1300,846,0.65,0.707443,
1301,846,0.65,0.706372,
1302,847,0.65,0.709246,
1303,847,0.65,0.710822,
1304,848,0.65,0.713773,
1305,849,0.65,0.715329,
1306,849,0.65,0.717439,
1307,850,0.65,0.718584,
1308,851,0.65,0.720823,
1309,851,0.65,0.719513,
1310,852,0.65,0.722682,
1311,853,0.65,0.726326,
1312,853,0.65,0.724638,
1313,854,0.65,0.72759,
1314,855,0.65,0.729159,
1315,855,0.65,0.729478,
1316,856,0.65,0.733019,
1317,857,0.65,0.734963,
1318,857,0.65,0.736556,
1319,858,0.65,0.739127,
1320,859,0.65,0.739278,
1321,859,0.65,0.742881,
1322,860,0.65,0.743396,
1323,860,0.65,0.743218,
1324,861,0.65,0.746823,
1325,862,0.65,0.748792,
1326,862,0.65,0.751299,
1327,863,0.65,0.750043,
1328,864,0.65,0.754286,
1329,864,0.65,0.7557,
1330,865,0.65,0.759736,
1331,866,0.65,0.758196,
1332,866,0.65,0.759638,
1333,867,0.65,0.761009,
1334,868,0.65,0.760811,
1335,868,0.65,0.767102,
1336,869,0.65,0.765124,
1337,870,0.65,0.768241,
1338,870,0.65,0.770115,
1339,871,0.65,0.771761,
1340,872,0.65,0.774851,
1341,872,0.65,0.774416,
1342,873,0.65,0.779338,
1343,873,0.65,0.777671,
1344,874,0.65,0.783629,
1345,875,0.65,0.783269,
1346,875,0.65,0.78565,
1347,876,0.65,0.786721,
1348,877,0.65,0.787222,
1349,877,0.65,0.78815,
1350,878,0.65,0.791182,
1351,879,0.65,0.793458,
1352,879,0.65,0.794236,
1353,880,0.65,0.797908,
1354,881,0.65,0.798107,
1355,881,0.65,0.802936,
1356,882,0.65,0.800914,
1357,883,0.65,0.805479,
1358,883,0.65,0.805073,
1359,884,0.65,0.808016,
1360,885,0.65,0.809242,
1361,885,0.65,0.809478,
1362,886,0.65,0.811744,
1363,886,0.65,0.813407,
1364,887,0.65,0.814339,
1365,888,0.65,0.819535,
1366,888,0.65,0.818917,
1367,889,0.65,0.818912,
1368,890,0.65,0.823661,
1369,890,0.65,0.826152,
1370,891,0.65,0.828277,
1371,892,0.65,0.829599,
1372,892,0.65,0.829708,
1373,893,0.65,0.833139,
1374,894,0.65,0.835725,
1375,894,0.65,0.837162,
1376,895,0.65,0.838521,
1377,896,0.65,0.83873,
1378,896,0.65,0.839193,
1379,897,0.65,0.845102,
1380,898,0.65,0.845417,
1381,898,0.65,0.846033,
1382,899,0.65,0.851501,
1383,899,0.65,0.849741,
1384,900,0.65,0.854327,
1385,901,0.65,0.854199,
1386,901,0.65,0.857258,
1387,902,0.65,0.8577,
1388,903,0.65,0.860848,
1389,903,0.65,0.861061,
1390,904,0.65,0.865088,
1391,905,0.65,0.866018,
1392,905,0.65,0.865646,
1393,906,0.65,0.870271,
1394,907,0.65,0.871935,
1395,907,0.65,0.872526,
1396,908,0.65,0.876816,
1397,909,0.65,0.877969,
1398,909,0.65,0.881192,
1399,910,0.65,0.880904,
1400,911,0.65,0.883413,
1401,911,0.65,0.883883,
1402,912,0.65,0.88523,
1403,912,0.65,0.887902,
1404,913,0.65,0.888296,
1405,914,0.65,0.891905,
1406,914,0.65,0.893816,
1407,915,0.65,0.896948,
1408,916,0.65,0.895322,
1409,916,0.65,0.89808,
1410,917,0.65,0.901367,
1411,918,0.65,0.905156,
1412,918,0.65,0.905353,
1413,919,0.65,0.907109,
1414,920,0.65,0.912043,
1415,920,0.65,0.911332,
1416,921,0.65,0.914974,
1417,922,0.65,0.917144,
1418,922,0.65,0.915386,
1419,923,0.65,0.919603,
1420,924,0.65,0.922821,
1421,924,0.65,0.920929,
1422,925,0.65,0.925196,
1423,925,0.65,0.925283,
1424,926,0.65,0.930704,
1425,927,0.65,0.929488,
1426,927,0.65,0.932652,
1427,928,0.65,0.933337,
1428,929,0.65,0.936036,
1429,929,0.65,0.934627,
1430,930,0.65,0.939393,
1431,931,0.65,0.940691,
1432,931,0.65,0.944471,
1433,932,0.65,0.945819,
1434,933,0.65,0.94971,
1435,933,0.65,0.950971,
1436,934,0.65,0.953389,
1437,935,0.65,0.957579,
1438,935,0.65,0.956921,
1439,936,0.65,0.960121,
1440,937,0.65,0.962854,
1441,937,0.65,0.963248,
1442,938,0.65,0.966032,
1443,938,0.65,0.965642,
1444,939,0.65,0.970464,
1445,940,0.65,0.972047,
1446,940,0.65,0.970342,
1447,941,0.65,0.973795,
1448,942,0.65,0.976699,
1449,942,0.65,0.978957,
1450,943,0.65,0.983709,
1451,944,0.65,0.982626,
1452,944,0.65,0.984487,
1453,945,0.65,0.989077,
1454,946,0.65,0.991478,
1455,946,0.65,0.990386,
1456,947,0.65,0.99424,
1457,948,0.65,0.997313,
1458,948,0.65,0.996041,
1459,949,0.65,0.997081,
1460,950,0.65,1.00221,
1461,950,0.65,1.00339,
1462,951,0.65,1.00662,
1463,951,0.65,1.00451,
1464,952,0.65,1.01065,
1465,953,0.65,1.01132,
1466,953,0.65,1.015,
1467,954,0.65,1.01435,
1468,955,0.65,1.0188,
1469,955,0.65,1.01836,
1470,956,0.65,1.0227,
1471,957,0.65,1.02438,
1472,957,0.65,1.02864,
1473,958,0.65,1.02802,
1474,959,0.65,1.03057,
1475,959,0.65,1.03234,
1476,960,0.65,1.03398,
1477,961,0.65,1.0374,
1478,961,0.65,1.03851,
1479,962,0.65,1.03955,
1480,963,0.65,1.04522,
1481,963,0.65,1.04315,
1482,964,0.65,1.04829,
1483,964,0.65,1.04746,
1484,965,0.65,1.05148,
1485,966,0.65,1.05266,
1486,966,0.65,1.05661,
1487,967,0.65,1.05739,
1488,968,0.65,1.06185,
1489,968,0.65,1.06236,
1490,969,0.65,1.06353,
1491,970,0.65,1.06454,
1492,970,0.65,1.06936,
1493,971,0.65,1.06918,
1494,972,0.65,1.07381,
1495,972,0.65,1.07168,
1496,973,0.65,1.07816,
1497,974,0.65,1.07805,
1498,974,0.65,1.08222,
1499,975,0.65,1.07004,
1500,976,0.65,1.06735,
1501,976,0.65,1.06694,
1502,977,0.65,1.06979,
1503,977,0.65,1.06908,
1504,978,0.65,1.07272,
1505,979,0.65,1.07546,
1506,979,0.65,1.07706,
1507,980,0.65,1.08055,
1508,981,0.65,1.08339,
1509,981,0.65,1.08382,
1510,982,0.65,1.08866,
1511,983,0.65,1.08849,
1512,983,0.65,1.09064,
1513,984,0.65,1.09331,
1514,985,0.65,1.09779,
1515,985,0.65,1.09587,
1516,986,0.65,1.10211,
1517,987,0.65,1.10697,
1518,987,0.65,1.12506,
1519,988,0.65,1.12801,
1520,989,0.65,1.13029,
1521,989,0.65,1.13258,
1522,990,0.65,1.1337,
1523,990,0.65,1.13444,
1524,991,0.65,1.13681,
1525,992,0.65,1.14216,
1526,992,0.65,1.14018,
1527,993,0.65,1.14406,
1528,994,0.65,1.14897,
1529,994,0.65,1.14864,
1530,995,0.65,1.15253,
1531,996,0.65,1.15728,
1532,996,0.65,1.15295,
1533,997,0.65,1.1581,
1534,998,0.65,1.16622,
1535,998,0.65,1.16006,
1536,999,0.65,1.16416,
1537,1000,0.65,1.16743,
1538,1000,0.65,1.1693,
1539,1001,0.65,1.16754,
1540,1002,0.65,1.17395,
1541,1002,0.65,1.17309,
1542,1003,0.65,1.18067,
1543,1003,0.65,1.17993,
1544,1004,0.65,1.18185,
1545,1005,0.65,1.18475,
1546,1005,0.65,1.18653,
1547,1006,0.65,1.1883,
1548,1007,0.65,1.19323,
1549,1007,0.65,1.19206,
1550,1008,0.65,1.19737,
1551,1009,0.65,1.20323,
1552,1009,0.65,1.20182,
1553,1010,0.65,1.20162,
1554,1011,0.65,1.20817,
1555,1011,0.65,1.20957,
1556,1012,0.65,1.21053,
1557,1013,0.65,1.21269,
1558,1013,0.65,1.21495,
1559,1014,0.65,1.21783,
1560,1015,0.65,1.22273,
1561,1015,0.65,1.22191,
1562,1016,0.65,1.22614,
1563,1016,0.65,1.22597,
1564,1017,0.65,1.22969,
1565,1018,0.65,1.23251,
1566,1018,0.65,1.23064,
1567,1019,0.65,1.23685,
1568,1020,0.65,1.24459,
1569,1020,0.65,1.24169,
1570,1021,0.65,1.24507,
1571,1022,0.65,1.24699,
1572,1022,0.65,1.24813,
1573,1023,0.65,1.24916,
1574,1024,0.65,1.25432,
1575,1024,0.65,1.2544,
1576,1025,0.65,1.25777,
1577,1026,0.65,1.2626,
1578,1026,0.65,1.26282,
1579,1027,0.65,1.26418,
1580,1028,0.65,1.26576,
1581,1028,0.65,1.26748,
1582,1029,0.65,1.27334,
1583,1029,0.65,1.27352,
1584,1030,0.65,1.27747,
1585,1031,0.65,1.28343,
1586,1031,0.65,1.28345,
1587,1032,0.65,1.28502,
1588,1033,0.65,1.29087,
1589,1033,0.65,1.29346,
1590,1034,0.65,1.29406,
1591,1035,0.65,1.29777,
1592,1035,0.65,1.29692,
1593,1036,0.65,1.30419,
1594,1037,0.65,1.30497,
1595,1037,0.65,1.30587,
1596,1038,0.65,1.30892,
1597,1039,0.65,1.31197,
1598,1039,0.65,1.31288,
1599,1040,0.65,1.31644,
1600,1041,0.65,1.31991,
1601,1041,0.65,1.3186,
1602,1042,0.65,1.31892,
1603,1042,0.65,1.32608,
1604,1043,0.65,1.32378,
1605,1044,0.65,1.33057,
1606,1044,0.65,1.32741,
1607,1045,0.65,1.33443,
1608,1046,0.65,1.33656,
1609,1046,0.65,1.33825,
1610,1047,0.65,1.3395,
1611,1048,0.65,1.34397,
1612,1048,0.65,1.34465,
1613,1049,0.65,1.3493,
1614,1050,0.65,1.35077,
1615,1050,0.65,1.35191,
1616,1051,0.65,1.36037,
1617,1052,0.65,1.33686,
1618,1052,0.65,1.33602,
1619,1053,0.65,1.3398,
1620,1054,0.65,1.34172,
1621,1054,0.65,1.34416,
1622,1055,0.65,1.34623,
1623,1055,0.65,1.34817,
1624,1056,0.65,1.35065,
1625,1057,0.65,1.35717,
1626,1057,0.65,1.35653,
1627,1058,0.65,1.35698,
1628,1059,0.65,1.36296,
1629,1059,0.65,1.36386,
1630,1060,0.65,1.36571,
1631,1061,0.65,1.37054,
1632,1061,0.65,1.38059,
1633,1062,0.65,1.39951,
1634,1063,0.65,1.40252,
1635,1063,0.65,1.40123,
1636,1064,0.65,1.40647,
1637,1065,0.65,1.40688,
1638,1065,0.65,1.41041,
1639,1066,0.65,1.41615,
1640,1067,0.65,1.41763,
1641,1067,0.65,1.42045,
1642,1068,0.65,1.42379,
1643,1068,0.65,1.42473,
1644,1069,0.65,1.42789,
1645,1070,0.65,1.42946,
1646,1070,0.65,1.4366,
1647,1071,0.65,1.43415,
1648,1072,0.65,1.43961,
1649,1072,0.65,1.44051,
1650,1073,0.65,1.44433,
1651,1074,0.65,1.44491,
1652,1074,0.65,1.44613,
1653,1075,0.65,1.44939,
1654,1076,0.65,1.45285,
1655,1076,0.65,1.45757,
1656,1077,0.65,1.45778,
1657,1078,0.65,1.46233,
1658,1078,0.65,1.4657,
1659,1079,0.65,1.46327,
1660,1080,0.65,1.47015,
1661,1080,0.65,1.44559,
1662,1081,0.65,1.44927,
1663,1081,0.65,1.45127,
1664,1082,0.65,1.45432,
1665,1083,0.65,1.45635,
1666,1083,0.65,1.45934,
1667,1084,0.65,1.45977,
1668,1085,0.65,1.466,
1669,1085,0.65,1.46769,
1670,1086,0.65,1.46903,
1671,1087,0.65,1.47463,
1672,1087,0.65,1.4766,
1673,1088,0.65,1.48786,
1674,1089,0.65,1.50681,
1675,1089,0.65,1.50737,
1676,1090,0.65,1.51033,
1677,1091,0.65,1.51459,
1678,1091,0.65,1.51479,
1679,1092,0.65,1.51916,
1680,1093,0.65,1.52361,
1681,1093,0.65,1.52126,
1682,1094,0.65,1.52936,
1683,1094,0.65,1.53044,
1684,1095,0.65,1.53461,
1685,1096,0.65,1.53779,
1686,1096,0.65,1.53683,
1687,1097,0.65,1.5416,
1688,1098,0.65,1.54365,
1689,1098,0.65,1.54534,
1690,1099,0.65,1.54824,
1691,1100,0.65,1.55284,
1692,1100,0.65,1.55472,
1693,1101,0.65,1.55555,
1694,1102,0.65,1.55935,
1695,1102,0.65,1.5622,
1696,1103,0.65,1.56644,
1697,1104,0.65,1.57057,
1698,1104,0.65,1.56973,
1699,1105,0.65,1.57499,
1700,1106,0.65,1.57742,
1701,1106,0.65,1.57916,
1702,1107,0.65,1.58274,
1703,1107,0.65,1.58421,
1704,1108,0.65,1.58862,
1705,1109,0.65,1.59125,
1706,1109,0.65,1.59241,
1707,1110,0.65,1.59628,
1708,1111,0.65,1.59889,
1709,1111,0.65,1.5988,
1710,1112,0.65,1.60426,
1711,1113,0.65,1.61016,
1712,1113,0.65,1.61006,
1713,1114,0.65,1.61402,
1714,1115,0.65,1.61929,
1715,1115,0.65,1.61719,
1716,1116,0.65,1.62196,
1717,1117,0.65,1.62708,
1718,1117,0.65,1.62805,
1719,1118,0.65,1.62978,
1720,1119,0.65,1.63712,
1721,1119,0.65,1.63724,
1722,1120,0.65,1.63821,
1723,1120,0.65,1.63812,
1724,1121,0.65,1.64354,
1725,1122,0.65,1.64614,
1726,1122,0.65,1.64366,
1727,1123,0.65,1.65185,
1728,1124,0.65,1.6576,
1729,1124,0.65,1.65612,
1730,1125,0.65,1.66013,
1731,1126,0.65,1.66513,
1732,1126,0.65,1.6668,
1733,1127,0.65,1.67139,
1734,1128,0.65,1.67497,
1735,1128,0.65,1.67592,
1736,1129,0.65,1.67611,
1737,1130,0.65,1.68292,
1738,1130,0.65,1.68309,
1739,1131,0.65,1.68833,
1740,1132,0.65,1.68948,
1741,1132,0.65,1.69438,
1742,1133,0.65,1.69923,
1743,1133,0.65,1.7005,
1744,1134,0.65,1.70371,
1745,1135,0.65,1.70478,
1746,1135,0.65,1.7052,
1747,1136,0.65,1.70739,
1748,1137,0.65,1.71358,
1749,1137,0.65,1.71508,
1750,1138,0.65,1.71958,
1751,1139,0.65,1.72114,
1752,1139,0.65,1.72181,
1753,1140,0.65,1.72984,
1754,1141,0.65,1.73229,
1755,1141,0.65,1.73485,
1756,1142,0.65,1.73351,
1757,1143,0.65,1.74204,
1758,1143,0.65,1.73969,
1759,1144,0.65,1.74616,
1760,1145,0.65,1.75025,
1761,1145,0.65,1.75279,
1762,1146,0.65,1.75695,
1763,1146,0.65,1.75406,
1764,1147,0.65,1.76043,
1765,1148,0.65,1.76291,
1766,1148,0.65,1.76456,
1767,1149,0.65,1.76982,
1768,1150,0.65,1.77452,
1769,1150,0.65,1.7778,
1770,1151,0.65,1.77829,
1771,1152,0.65,1.78301,
1772,1152,0.65,1.78132,
1773,1153,0.65,1.78922,
1774,1154,0.65,1.79031,
1775,1154,0.65,1.78948,
1776,1155,0.65,1.79805,
1777,1156,0.65,1.79767,
1778,1156,0.65,1.80087,
1779,1157,0.65,1.80501,
1780,1158,0.65,1.81119,
1781,1158,0.65,1.81324,
1782,1159,0.65,1.81314,
1783,1159,0.65,1.81503,
1784,1160,0.65,1.82214,
1785,1161,0.65,1.82703,
1786,1161,0.65,1.82439,
1787,1162,0.65,1.82881,
1788,1163,0.65,1.83331,
1789,1163,0.65,1.8366,
1790,1164,0.65,1.83944,
1791,1165,0.65,1.82621,
1792,1165,0.65,1.82523,
1793,1166,0.65,1.83176,
1794,1167,0.65,1.83846,
1795,1167,0.65,1.83553,
1796,1168,0.65,1.84434,
1797,1169,0.65,1.84344,
1798,1169,0.65,1.84733,
1799,1170,0.65,1.8495,
1800,1171,0.65,1.85501,
1801,1171,0.65,1.85594,
1802,1172,0.65,1.86263,
1803,1172,0.65,1.85902,
1804,1173,0.65,1.86398,
1805,1174,0.65,1.86816,
1806,1174,0.65,1.86682,
1807,1175,0.65,1.87235,
1808,1176,0.65,1.87568,
1809,1176,0.65,1.87501,
1810,1177,0.65,1.88014,
1811,1178,0.65,1.88453,
1812,1178,0.65,1.88695,
1813,1179,0.65,1.89002,
1814,1180,0.65,1.89292,
1815,1180,0.65,1.89489,
1816,1181,0.65,1.89986,
1817,1182,0.65,1.90524,
1818,1182,0.65,1.90663,
1819,1183,0.65,1.90783,
1820,1184,0.65,1.91247,
1821,1184,0.65,1.91694,
1822,1185,0.65,1.91686,
1823,1185,0.65,1.91964,
1824,1186,0.65,1.92449,
1825,1187,0.65,1.92795,
1826,1187,0.65,1.93057,
1827,1188,0.65,1.93401,
1828,1189,0.65,1.9366,
1829,1189,0.65,1.9349,
1830,1190,0.65,1.93969,
1831,1191,0.65,1.94444,
1832,1191,0.65,1.94927,
1833,1192,0.65,1.95128,
1834,1193,0.65,1.9541,
1835,1193,0.65,1.95594,
1836,1194,0.65,1.95941,
1837,1195,0.65,1.96366,
1838,1195,0.65,1.96483,
1839,1196,0.65,1.96934,
1840,1197,0.65,1.97199,
1841,1197,0.65,1.97385,
1842,1198,0.65,1.97883,
1843,1198,0.65,1.98151,
1844,1199,0.65,1.98461,
1845,1200,0.65,1.98881,
1846,1200,0.65,1.99237,
1847,1201,0.65,1.99467,
1848,1202,0.65,2.00222,
1849,1202,0.65,2.00099,
1850,1203,0.65,2.0047,
1851,1204,0.65,2.01002,
1852,1204,0.65,2.01302,
1853,1205,0.65,2.01475,
1854,1206,0.65,2.02191,
1855,1206,0.65,2.02126,
1856,1207,0.65,2.02384,
1857,1208,0.65,2.03117,
1858,1208,0.65,2.03069,
1859,1209,0.65,2.03689,
1860,1210,0.65,2.04174,
1861,1210,0.65,2.03968,
1862,1211,0.65,2.04634,
1863,1211,0.65,2.0469,
1864,1212,0.65,2.05485,
1865,1213,0.65,2.05595,
1866,1213,0.65,2.05752,
1867,1214,0.65,2.0635,
1868,1215,0.65,2.06416,
1869,1215,0.65,2.06755,
1870,1216,0.65,2.07095,
1871,1217,0.65,2.07685,
1872,1217,0.65,2.07816,
1873,1218,0.65,2.08369,
1874,1219,0.65,2.08542,
1875,1219,0.65,2.08997,
1876,1220,0.65,2.09179,
1877,1221,0.65,2.09977,
1878,1221,0.65,2.09882,
1879,1222,0.65,2.1055,
1880,1223,0.65,2.10994,
1881,1223,0.65,2.11707,
1882,1224,0.65,2.12426,
1883,1224,0.65,2.12488,
1884,1225,0.65,2.13517,
1885,1226,0.65,2.14116,
1886,1226,0.65,2.14663,
1887,1227,0.65,2.1515,
1888,1228,0.65,2.15559,
1889,1228,0.65,2.1575,
1890,1229,0.65,2.16318,
1891,1230,0.65,2.16648,
1892,1230,0.65,2.17011,
1893,1231,0.65,2.17317,
1894,1232,0.65,2.1807,
1895,1232,0.65,2.18116,
1896,1233,0.65,2.18781,
1897,1234,0.65,2.19502,
1898,1234,0.65,2.19617,
1899,1235,0.65,2.19907,
1900,1236,0.65,2.20583,
1901,1236,0.65,2.20534,
1902,1237,0.65,2.21187,
1903,1237,0.65,2.21517,
1904,1238,0.65,2.22121,
1905,1239,0.65,2.22983,
1906,1239,0.65,2.23339,
1907,1240,0.65,2.23817,
1908,1241,0.65,2.24345,
1909,1241,0.65,2.24249,
1910,1242,0.65,2.24629,
1911,1243,0.65,2.25973,
1912,1243,0.65,2.25896,
1913,1244,0.65,2.26596,
1914,1245,0.65,2.27128,
1915,1245,0.65,2.27418,
1916,1246,0.65,2.28124,
1917,1247,0.65,2.28641,
1918,1247,0.65,2.28944,
1919,1248,0.65,2.29204,
1920,1249,0.65,2.29767,
1921,1249,0.65,2.303,
1922,1250,0.65,2.30858,
1923,1250,0.65,2.30843,
1924,1251,0.65,2.31539,
1925,1252,0.65,2.32057,
1926,1252,0.65,2.32528,
1927,1253,0.65,2.32954,
1928,1254,0.65,2.33244,
1929,1254,0.65,2.33333,
1930,1255,0.65,2.33725,
1931,1256,0.65,2.3443,
1932,1256,0.65,2.3409,
1933,1257,0.65,2.34943,
1934,1258,0.65,2.35659,
1935,1258,0.65,2.35518,
1936,1259,0.65,2.36419,
1937,1260,0.65,2.36554,
1938,1260,0.65,2.36856,
1939,1261,0.65,2.37941,
1940,1262,0.65,2.38125,
1941,1262,0.65,2.38011,
1942,1263,0.65,2.3841,
1943,1263,0.65,2.38327,
1944,1264,0.65,2.3856,
1945,1265,0.65,2.39304,
1946,1265,0.65,2.39584,
1947,1266,0.65,2.40213,
1948,1267,0.65,2.40429,
1949,1267,0.65,2.40425,
1950,1268,0.65,2.41009,
1951,1269,0.65,2.41954,
1952,1269,0.65,2.42447,
1953,1270,0.65,2.42443,
1954,1271,0.65,2.42993,
1955,1271,0.65,2.43077,
1956,1272,0.65,2.4313,
1957,1273,0.65,2.44112,
1958,1273,0.65,2.43917,
1959,1274,0.65,2.44142,
1960,1275,0.65,2.44802,
1961,1275,0.65,2.45082,
1962,1276,0.65,2.45627,
1963,1276,0.65,2.46092,
1964,1277,0.65,2.46174,
1965,1278,0.65,2.46701,
1966,1278,0.65,2.4706,
1967,1279,0.65,2.47313,
1968,1280,0.65,2.48015,
1969,1280,0.65,2.47682,
1970,1281,0.65,2.48622,
1971,1282,0.65,2.48664,
1972,1282,0.65,2.49055,
1973,1283,0.65,2.49568,
1974,1284,0.65,2.49461,
1975,1284,0.65,2.49431,
1976,1285,0.65,2.49848,
1977,1286,0.65,2.49972,
1978,1286,0.65,2.5029,
1979,1287,0.65,2.50392,
1980,1288,0.65,2.51257,
1981,1288,0.65,2.51389,
1982,1289,0.65,2.51825,
1983,1289,0.65,2.51732,
1984,1290,0.65,2.52922,
1985,1291,0.65,2.53309,
1986,1291,0.65,2.53264,
1987,1292,0.65,2.53651,
1988,1293,0.65,2.54328,
1989,1293,0.65,2.5469,
1990,1294,0.65,2.5512,
1991,1295,0.65,2.55554,
1992,1295,0.65,2.55287,
1993,1296,0.65,2.57469,
1994,1297,0.65,2.57441,
1995,1297,0.65,2.56535,
1996,1298,0.65,2.56022,
1997,1299,0.65,2.56154,
1998,1299,0.65,2.57203,
1999,1300,0.65,2.57443,
