Dimension,NNZ_per_row,Sparsity,Unzipper_Time,TACO_Time
3,1,0.05,1.1e-06,9.8032e-05,
4,1,0.05,5.97e-07,0.000134862,
5,1,0.05,1.269e-06,0.000141094,
6,1,0.05,9.85e-07,8.1939e-05,
7,1,0.05,7.24e-07,8.19e-05,
8,1,0.05,6.71e-07,8.8173e-05,
9,1,0.05,7.11e-07,7.8543e-05,
10,1,0.05,7.95e-07,0.000148526,
11,1,0.05,1.546e-06,7.3835e-05,
12,1,0.05,8.12e-07,8.8202e-05,
13,1,0.05,8.96e-07,8.3273e-05,
14,1,0.05,1.042e-06,0.00011934,
15,1,0.05,1.554e-06,0.000137589,
16,1,0.05,2.149e-06,0.000132052,
17,1,0.05,1.68e-06,9.1338e-05,
18,1,0.05,1.295e-06,8.0572e-05,
19,1,0.05,1.041e-06,8.4311e-05,
20,1,0.05,9.11e-07,0.000116101,
21,2,0.05,5.473e-06,9.5436e-05,
22,2,0.05,5.192e-06,0.000129408,
23,2,0.05,6.081e-06,0.000146263,
24,2,0.05,6.243e-06,0.000124076,
25,2,0.05,6.832e-06,0.0001262,
26,2,0.05,7.457e-06,0.00012826,
27,2,0.05,6.189e-06,0.000125481,
28,2,0.05,6.829e-06,0.000135094,
29,2,0.05,8.086e-06,0.000129814,
30,2,0.05,6.367e-06,0.000124336,
31,2,0.05,7.106e-06,0.000139613,
32,2,0.05,8.754e-06,0.000130871,
33,2,0.05,7.481e-06,0.000135717,
34,2,0.05,7.599e-06,0.000131367,
35,2,0.05,7.737e-06,0.000127937,
36,2,0.05,7.515e-06,0.000134072,
37,2,0.05,6.564e-06,0.000134756,
38,2,0.05,8.614e-06,0.000136309,
39,2,0.05,7.357e-06,7.6816e-05,
40,2,0.05,3.618e-06,0.000127247,
41,3,0.05,1.6768e-05,8.6295e-05,
42,3,0.05,7.654e-06,0.000134639,
43,3,0.05,1.58e-05,8.7653e-05,
44,3,0.05,7.42e-06,8.427e-05,
45,3,0.05,6.913e-06,0.000148129,
46,3,0.05,1.6334e-05,0.00015057,
47,3,0.05,1.8385e-05,0.00014411,
48,3,0.05,1.6422e-05,0.000150095,
49,3,0.05,1.6015e-05,0.00014969,
50,3,0.05,1.8469e-05,0.000144874,
51,3,0.05,1.814e-05,0.000142508,
52,3,0.05,1.8739e-05,0.000148538,
53,3,0.05,1.9677e-05,0.000144574,
54,3,0.05,1.8959e-05,0.000146079,
55,3,0.05,2.0802e-05,0.000136836,
56,3,0.05,1.9993e-05,0.000165126,
57,3,0.05,1.9937e-05,0.000139817,
58,3,0.05,2.1653e-05,0.000155578,
59,3,0.05,1.8378e-05,0.000133276,
60,3,0.05,2.5565e-05,0.000100106,
61,4,0.05,1.5834e-05,0.00010096,
62,4,0.05,2.0154e-05,0.000204698,
63,4,0.05,3.9945e-05,0.000123418,
64,4,0.05,2.4849e-05,0.00017905,
65,4,0.05,4.1909e-05,0.000189361,
66,4,0.05,4.1213e-05,0.000180251,
67,4,0.05,4.1107e-05,0.000171004,
68,4,0.05,4.5323e-05,0.000177749,
69,4,0.05,4.0114e-05,0.000167255,
70,4,0.05,3.9644e-05,0.000176404,
71,4,0.05,4.1094e-05,0.000184961,
72,4,0.05,4.116e-05,0.000177809,
73,4,0.05,4.336e-05,0.000186176,
74,4,0.05,4.1589e-05,0.000195722,
75,4,0.05,4.6917e-05,0.000191972,
76,4,0.05,4.8084e-05,0.000189055,
77,4,0.05,4.2054e-05,0.0001777,
78,4,0.05,5.9094e-05,0.000200871,
79,4,0.05,5.8756e-05,0.00018369,
80,4,0.05,4.8373e-05,0.000209753,
81,5,0.05,9.3481e-05,0.000240693,
82,5,0.05,9.3025e-05,0.000235427,
83,5,0.05,8.9802e-05,0.000237922,
84,5,0.05,8.8157e-05,0.000231114,
85,5,0.05,9.456e-05,0.000239622,
86,5,0.05,9.1125e-05,0.000273541,
87,5,0.05,0.000103757,0.000236845,
88,5,0.05,9.2854e-05,0.000266552,
89,5,0.05,0.000120297,0.000261606,
90,5,0.05,9.2311e-05,0.000249297,
91,5,0.05,0.000125222,0.000260032,
92,5,0.05,9.9626e-05,0.000123545,
93,5,0.05,4.1842e-05,0.00013247,
94,5,0.05,4.4675e-05,0.000259374,
95,5,0.05,4.5677e-05,0.000146582,
96,5,0.05,4.4603e-05,0.000152619,
97,5,0.05,4.9518e-05,0.000147487,
98,5,0.05,5.2798e-05,0.000274072,
99,5,0.05,9.8954e-05,0.000150005,
100,5,0.05,4.7805e-05,0.000153279,
101,6,0.05,8.5967e-05,0.000370298,
102,6,0.05,0.000176477,0.000192044,
103,6,0.05,7.9855e-05,0.000338337,
104,6,0.05,0.000171258,0.000192412,
105,6,0.05,9.2026e-05,0.00036764,
106,6,0.05,0.000221396,0.000187952,
107,6,0.05,8.5582e-05,0.000351693,
108,6,0.05,0.000188645,0.000351962,
109,6,0.05,0.000181291,0.000192721,
110,6,0.05,9.1445e-05,0.000216058,
111,6,0.05,9.675e-05,0.000209593,
112,6,0.05,8.397e-05,0.000180292,
113,6,0.05,8.8091e-05,0.000385305,
114,6,0.05,0.00018487,0.000185041,
115,6,0.05,0.000102196,0.000201344,
116,6,0.05,9.9037e-05,0.000204151,
117,6,0.05,9.273e-05,0.000218177,
118,6,0.05,9.2684e-05,0.000381947,
119,6,0.05,0.000204693,0.000202631,
120,6,0.05,0.000101494,0.000219734,
121,7,0.05,0.000140312,0.000533256,
122,7,0.05,0.000302724,0.000261514,
123,7,0.05,0.000141329,0.000552797,
124,7,0.05,0.000292771,0.000275273,
125,7,0.05,0.000145191,0.000274082,
126,7,0.05,0.000143728,0.000281758,
127,7,0.05,0.000149152,0.000529536,
128,7,0.05,0.000300333,0.000526659,
129,7,0.05,0.000316725,0.000552054,
130,7,0.05,0.00031723,0.000535121,
131,7,0.05,0.000311741,0.000550658,
132,7,0.05,0.000326485,0.000283245,
133,7,0.05,0.000147267,0.000565299,
134,7,0.05,0.000314035,0.00058104,
135,7,0.05,0.00032456,0.000289472,
136,7,0.05,0.000158572,0.000561007,
137,7,0.05,0.000345672,0.000283454,
138,7,0.05,0.000150725,0.000562702,
139,7,0.05,0.000337274,0.000556286,
140,7,0.05,0.000346344,0.000280963,
141,8,0.05,0.000206423,0.000728935,
142,8,0.05,0.000461335,0.000758332,
143,8,0.05,0.000430108,0.000360931,
144,8,0.05,0.000214458,0.000781898,
145,8,0.05,0.000462074,0.000367099,
146,8,0.05,0.000221141,0.000381189,
147,8,0.05,0.00021712,0.000382499,
148,8,0.05,0.000215868,0.00079533,
149,8,0.05,0.000448643,0.000382853,
150,8,0.05,0.000219561,0.00041848,
151,8,0.05,0.00022211,0.000794319,
152,8,0.05,0.000503712,0.000817291,
153,8,0.05,0.000492765,0.000838483,
154,8,0.05,0.000468139,0.000756723,
155,8,0.05,0.000492121,0.000769119,
156,8,0.05,0.000446892,0.000401044,
157,8,0.05,0.000234206,0.000841275,
158,8,0.05,0.00049212,0.00082444,
159,8,0.05,0.000488715,0.000398674,
160,8,0.05,0.000234944,0.000850785,
161,9,0.05,0.000649783,0.000500122,
162,9,0.05,0.000293783,0.000494715,
163,9,0.05,0.00030123,0.000984963,
164,9,0.05,0.000591996,0.00103009,
165,9,0.05,0.000654171,0.000504617,
166,9,0.05,0.000304339,0.000502773,
167,9,0.05,0.000311595,0.00111068,
168,9,0.05,0.000647428,0.00107392,
169,9,0.05,0.000478024,0.00108863,
170,9,0.05,0.000577589,0.00109837,
171,9,0.05,0.000701234,0.000531909,
172,9,0.05,0.000319484,0.000525782,
173,9,0.05,0.000320074,0.000518508,
174,9,0.05,0.000301371,0.000526981,
175,9,0.05,0.000314532,0.000537742,
176,9,0.05,0.000328865,0.00112634,
177,9,0.05,0.000689581,0.000545514,
178,9,0.05,0.000328282,0.00117061,
179,9,0.05,0.000704894,0.00055984,
180,9,0.05,0.000332647,0.000553862,
181,10,0.05,0.000408921,0.00144108,
182,10,0.05,0.000727587,0.000669773,
183,10,0.05,0.000420581,0.000695585,
184,10,0.05,0.000433366,0.000722225,
185,10,0.05,0.000421969,0.000727325,
186,10,0.05,0.000431309,0.00146648,
187,10,0.05,0.00061677,0.000703201,
188,10,0.05,0.00042946,0.00147862,
189,10,0.05,0.000945637,0.00145079,
190,10,0.05,0.000853221,0.00148356,
191,10,0.05,0.000799996,0.00151348,
192,10,0.05,0.000983955,0.000733807,
193,10,0.05,0.000456213,0.000740724,
194,10,0.05,0.000434254,0.000716578,
195,10,0.05,0.00045732,0.000757661,
196,10,0.05,0.000472221,0.00156397,
197,10,0.05,0.000823528,0.000767394,
198,10,0.05,0.000466771,0.000755568,
199,10,0.05,0.000467813,0.00158204,
200,10,0.05,0.000848937,0.0016242,
201,11,0.05,0.0011416,0.00198112,
202,11,0.05,0.000585066,0.00196998,
203,11,0.05,0.000688961,0.000938776,
204,11,0.05,0.000576836,0.000920443,
205,11,0.05,0.000571857,0.00095163,
206,11,0.05,0.000579505,0.0020073,
207,11,0.05,0.000610978,0.000977797,
208,11,0.05,0.000594767,0.000972741,
209,11,0.05,0.000584922,0.000966506,
210,11,0.05,0.000604555,0.00210667,
211,11,0.05,0.000896147,0.000992279,
212,11,0.05,0.000601597,0.00182063,
213,11,0.05,0.000709069,0.000963697,
214,11,0.05,0.000604228,0.000977922,
215,11,0.05,0.000589037,0.000961727,
216,11,0.05,0.000632233,0.00103662,
217,11,0.05,0.000671781,0.00229778,
218,11,0.05,0.000916398,0.00237931,
219,11,0.05,0.000998357,0.00104953,
220,11,0.05,0.000634303,0.00204626,
221,12,0.05,0.00102428,0.00118356,
222,12,0.05,0.000788229,0.00114313,
223,12,0.05,0.000806345,0.00120341,
224,12,0.05,0.000807855,0.00240127,
225,12,0.05,0.000890584,0.00162217,
226,12,0.05,0.000862046,0.00265284,
227,12,0.05,0.000860237,0.00270451,
228,12,0.05,0.0010726,0.00266414,
229,12,0.05,0.0011123,0.00148923,
230,12,0.05,0.000821894,0.00126014,
231,12,0.05,0.000849367,0.00264402,
232,12,0.05,0.00103634,0.00250352,
233,12,0.05,0.00113164,0.00265818,
234,12,0.05,0.00100946,0.00266949,
235,12,0.05,0.000866922,0.00127523,
236,12,0.05,0.00090019,0.00127718,
237,12,0.05,0.000851645,0.00123712,
238,12,0.05,0.000857277,0.00272503,
239,12,0.05,0.000858297,0.00186303,
240,12,0.05,0.000951219,0.00269953,
241,13,0.05,0.00105412,0.00152517,
242,13,0.05,0.0011208,0.00330567,
243,13,0.05,0.00105328,0.00314626,
244,13,0.05,0.00118406,0.00324905,
245,13,0.05,0.00125938,0.00319481,
246,13,0.05,0.00108602,0.00230953,
247,13,0.05,0.00104994,0.00154834,
248,13,0.05,0.00101464,0.00306793,
249,13,0.05,0.00106157,0.00332885,
250,13,0.05,0.00113745,0.00327433,
251,13,0.05,0.00107726,0.00329135,
252,13,0.05,0.0012872,0.00256678,
253,13,0.05,0.00109887,0.00212368,
254,13,0.05,0.00108355,0.0033315,
255,13,0.05,0.00138614,0.00160345,
256,13,0.05,0.00109815,0.0034747,
257,13,0.05,0.00126766,0.00330212,
258,13,0.05,0.00112531,0.00169152,
259,13,0.05,0.00109483,0.00325525,
260,13,0.05,0.00117789,0.0016501,
261,14,0.05,0.00126922,0.00187764,
262,14,0.05,0.00134157,0.0018894,
263,14,0.05,0.00129189,0.00201518,
264,14,0.05,0.00138137,0.00194657,
265,14,0.05,0.00127478,0.00374275,
266,14,0.05,0.0014471,0.00192459,
267,14,0.05,0.00131409,0.00196913,
268,14,0.05,0.00139197,0.00378692,
269,14,0.05,0.00136503,0.00196787,
270,14,0.05,0.00133595,0.0019598,
271,14,0.05,0.00130101,0.00199124,
272,14,0.05,0.00132533,0.00190356,
273,14,0.05,0.00134158,0.00381314,
274,14,0.05,0.00137106,0.0019933,
275,14,0.05,0.00133381,0.00203169,
276,14,0.05,0.00135871,0.00199518,
277,14,0.05,0.0013515,0.00201734,
278,14,0.05,0.00139033,0.00202617,
279,14,0.05,0.00139287,0.00407803,
280,14,0.05,0.00143259,0.00400664,
281,15,0.05,0.00159438,0.00229177,
282,15,0.05,0.0017139,0.00241126,
283,15,0.05,0.00167541,0.00445778,
284,15,0.05,0.00160406,0.00436345,
285,15,0.05,0.00163857,0.00424092,
286,15,0.05,0.00165213,0.00456782,
287,15,0.05,0.00168797,0.00240136,
288,15,0.05,0.00164282,0.00245913,
289,15,0.05,0.00166664,0.00247819,
290,15,0.05,0.00171575,0.0024551,
291,15,0.05,0.00162776,0.00246166,
292,15,0.05,0.0016547,0.00250332,
293,15,0.05,0.00166307,0.00474958,
294,15,0.05,0.00168945,0.00423473,
295,15,0.05,0.00169447,0.00450212,
296,15,0.05,0.00170262,0.00441893,
297,15,0.05,0.00187245,0.00434474,
298,15,0.05,0.00170773,0.00246655,
299,15,0.05,0.00166049,0.00440394,
300,15,0.05,0.00173998,0.00363213,
301,16,0.05,0.00195564,0.0050042,
302,16,0.05,0.00197889,0.0028222,
303,16,0.05,0.00197094,0.00287476,
304,16,0.05,0.00193901,0.00495294,
305,16,0.05,0.00203871,0.00290836,
306,16,0.05,0.00206729,0.00304714,
307,16,0.05,0.00195863,0.00512014,
308,16,0.05,0.00210501,0.00459422,
309,16,0.05,0.00206339,0.00362152,
310,16,0.05,0.00207076,0.00301133,
311,16,0.05,0.00194535,0.00298421,
312,16,0.05,0.00215853,0.00299392,
313,16,0.05,0.00205643,0.00312835,
314,16,0.05,0.00199221,0.00307359,
315,16,0.05,0.00198501,0.00508621,
316,16,0.05,0.0020743,0.00521771,
317,16,0.05,0.00209353,0.00305248,
318,16,0.05,0.00209104,0.00440217,
319,16,0.05,0.00209637,0.0032068,
320,16,0.05,0.00208478,0.00310037,
321,17,0.05,0.00230155,0.00334973,
322,17,0.05,0.0023411,0.00341972,
323,17,0.05,0.00223787,0.0033886,
324,17,0.05,0.00245872,0.00343649,
325,17,0.05,0.0024384,0.00573466,
326,17,0.05,0.00247782,0.0035361,
327,17,0.05,0.00234213,0.00571344,
328,17,0.05,0.00238879,0.0042034,
329,17,0.05,0.00244729,0.00570451,
330,17,0.05,0.00244782,0.00347884,
331,17,0.05,0.00230845,0.00348629,
332,17,0.05,0.00236395,0.00567538,
333,17,0.05,0.00244821,0.00362209,
334,17,0.05,0.00240111,0.00434631,
335,17,0.05,0.00244175,0.00369598,
336,17,0.05,0.00255548,0.00575518,
337,17,0.05,0.00252476,0.00456608,
338,17,0.05,0.00261535,0.0035871,
339,17,0.05,0.00249736,0.00576348,
340,17,0.05,0.00247089,0.00370225,
341,18,0.05,0.00280226,0.00567976,
342,18,0.05,0.00281983,0.00478139,
343,18,0.05,0.00277768,0.00404398,
344,18,0.05,0.00279726,0.00407473,
345,18,0.05,0.00275217,0.00405827,
346,18,0.05,0.00284932,0.00414398,
347,18,0.05,0.00283504,0.00408491,
348,18,0.05,0.00277958,0.00411127,
349,18,0.05,0.00285934,0.00605137,
350,18,0.05,0.00285401,0.00411121,
351,18,0.05,0.00280667,0.00583373,
352,18,0.05,0.00293355,0.00641683,
353,18,0.05,0.00295038,0.00637427,
354,18,0.05,0.00288433,0.00569502,
355,18,0.05,0.00285112,0.00429141,
356,18,0.05,0.00288403,0.00413835,
357,18,0.05,0.00284592,0.00430307,
358,18,0.05,0.00296843,0.00624777,
359,18,0.05,0.00295759,0.0044018,
360,18,0.05,0.0029289,0.0064083,
361,19,0.05,0.0034163,0.00708055,
362,19,0.05,0.00334419,0.00480707,
363,19,0.05,0.00330117,0.00670916,
364,19,0.05,0.00332091,0.00485634,
365,19,0.05,0.00323981,0.00488722,
366,19,0.05,0.00322127,0.00666019,
367,19,0.05,0.00329396,0.00697366,
368,19,0.05,0.00342716,0.00557981,
369,19,0.05,0.00338552,0.0049825,
370,19,0.05,0.00333156,0.00482748,
371,19,0.05,0.00335584,0.00499513,
372,19,0.05,0.00336175,0.00487401,
373,19,0.05,0.00343604,0.00501219,
374,19,0.05,0.00342711,0.00695155,
375,19,0.05,0.00348905,0.00698254,
376,19,0.05,0.00347254,0.0071601,
377,19,0.05,0.0035032,0.00502962,
378,19,0.05,0.00337829,0.00487606,
379,19,0.05,0.00336485,0.00689933,
380,19,0.05,0.00347575,0.00512078,
381,20,0.05,0.00369965,0.00549708,
382,20,0.05,0.0037084,0.00550945,
383,20,0.05,0.00378645,0.0055352,
384,20,0.05,0.00382062,0.00555374,
385,20,0.05,0.00390236,0.00552928,
386,20,0.05,0.00376712,0.00639264,
387,20,0.05,0.00389545,0.00571251,
388,20,0.05,0.00407964,0.00572735,
389,20,0.05,0.00389955,0.00889989,
390,20,0.05,0.00411956,0.00695908,
391,20,0.05,0.00389498,0.00627413,
392,20,0.05,0.00388249,0.0078348,
393,20,0.05,0.00401976,0.00578369,
394,20,0.05,0.00381485,0.00708198,
395,20,0.05,0.00395595,0.00780283,
396,20,0.05,0.00399011,0.00623971,
397,20,0.05,0.00408022,0.00582662,
398,20,0.05,0.00434562,0.00779555,
399,20,0.05,0.00398718,0.00583271,
400,20,0.05,0.00395873,0.00684089,
401,21,0.05,0.00443704,0.00627135,
402,21,0.05,0.00485137,0.00647692,
403,21,0.05,0.00441907,0.00679034,
404,21,0.05,0.00450312,0.00839509,
405,21,0.05,0.00453572,0.00824917,
406,21,0.05,0.00449507,0.00661497,
407,21,0.05,0.00459707,0.00653077,
408,21,0.05,0.00445067,0.00663274,
409,21,0.05,0.00449591,0.00648519,
410,21,0.05,0.00446069,0.00865876,
411,21,0.05,0.00462246,0.00661389,
412,21,0.05,0.00449664,0.00637959,
413,21,0.05,0.00458338,0.00854856,
414,21,0.05,0.00459329,0.00668553,
415,21,0.05,0.00446096,0.0092136,
416,21,0.05,0.0046696,0.00730857,
417,21,0.05,0.00472536,0.00888413,
418,21,0.05,0.00471627,0.00877907,
419,21,0.05,0.00460334,0.00879942,
420,21,0.05,0.00476325,0.00873221,
421,22,0.05,0.00509638,0.00734587,
422,22,0.05,0.00504209,0.00941902,
423,22,0.05,0.00512184,0.00854025,
424,22,0.05,0.00519978,0.00918407,
425,22,0.05,0.00516617,0.00932135,
426,22,0.05,0.00519191,0.00832382,
427,22,0.05,0.00525663,0.00766012,
428,22,0.05,0.00507377,0.00962033,
429,22,0.05,0.00526436,0.00781039,
430,22,0.05,0.00529848,0.00972456,
431,22,0.05,0.00531112,0.00949986,
432,22,0.05,0.00526119,0.0077163,
433,22,0.05,0.00525571,0.00761929,
434,22,0.05,0.00537358,0.00787044,
435,22,0.05,0.00536967,0.0096026,
436,22,0.05,0.00552054,0.00757942,
437,22,0.05,0.0054484,0.00877319,
438,22,0.05,0.00552204,0.00816111,
439,22,0.05,0.00534016,0.00768488,
440,22,0.05,0.00540471,0.00986358,
441,23,0.05,0.00584402,0.00837203,
442,23,0.05,0.0060056,0.00852043,
443,23,0.05,0.00576952,0.0106499,
444,23,0.05,0.00583098,0.00855054,
445,23,0.05,0.00589675,0.00918055,
446,23,0.05,0.00599196,0.0107913,
447,23,0.05,0.0059803,0.00846419,
448,23,0.05,0.00592182,0.00918802,
449,23,0.05,0.00606794,0.00906952,
450,23,0.05,0.00594199,0.0091939,
451,23,0.05,0.0060588,0.00908743,
452,23,0.05,0.00609507,0.00902439,
453,23,0.05,0.00600662,0.00909753,
454,23,0.05,0.00604515,0.0108493,
455,23,0.05,0.00608201,0.00912186,
456,23,0.05,0.00676982,0.00940588,
457,23,0.05,0.00621919,0.0108927,
458,23,0.05,0.00604164,0.00880415,
459,23,0.05,0.00618117,0.00933742,
460,23,0.05,0.00622858,0.00931148,
461,24,0.05,0.00658469,0.00939072,
462,24,0.05,0.00658218,0.00984764,
463,24,0.05,0.00660443,0.0101475,
464,24,0.05,0.00674987,0.010367,
465,24,0.05,0.00664623,0.0100972,
466,24,0.05,0.00662821,0.0106869,
467,24,0.05,0.00666653,0.0121705,
468,24,0.05,0.00690583,0.00986393,
469,24,0.05,0.00653656,0.00986751,
470,24,0.05,0.0066286,0.0119598,
471,24,0.05,0.00693785,0.0120298,
472,24,0.05,0.00737929,0.0101372,
473,24,0.05,0.00690651,0.0101292,
474,24,0.05,0.00689572,0.010371,
475,24,0.05,0.006897,0.0122192,
476,24,0.05,0.00692774,0.0102305,
477,24,0.05,0.00685722,0.00996959,
478,24,0.05,0.00681187,0.0101262,
479,24,0.05,0.00691643,0.0101451,
480,24,0.05,0.00668931,0.0100816,
481,25,0.05,0.00733026,0.0107324,
482,25,0.05,0.00763551,0.0107699,
483,25,0.05,0.00740226,0.0130507,
484,25,0.05,0.00744319,0.0129542,
485,25,0.05,0.00749468,0.0109319,
486,25,0.05,0.00761851,0.0109667,
487,25,0.05,0.00734518,0.0108813,
488,25,0.05,0.00730316,0.0110177,
489,25,0.05,0.00750736,0.0110623,
490,25,0.05,0.00766746,0.0132389,
491,25,0.05,0.00755895,0.0116479,
492,25,0.05,0.00767111,0.0112253,
493,25,0.05,0.00753735,0.0113546,
494,25,0.05,0.00762679,0.0113172,
495,25,0.05,0.00786129,0.0110896,
496,25,0.05,0.00753328,0.0113857,
497,25,0.05,0.0075869,0.011752,
498,25,0.05,0.00779754,0.0113049,
499,25,0.05,0.00759756,0.0133853,
500,25,0.05,0.00776964,0.0136825,
501,26,0.05,0.00826271,0.0117882,
502,26,0.05,0.00814119,0.0118853,
503,26,0.05,0.00806256,0.0148665,
504,26,0.05,0.00823743,0.0122815,
505,26,0.05,0.00834347,0.0142381,
506,26,0.05,0.00825936,0.0123276,
507,26,0.05,0.00917113,0.0121962,
508,26,0.05,0.00821483,0.0122656,
509,26,0.05,0.00838147,0.0123542,
510,26,0.05,0.00823559,0.0125905,
511,26,0.05,0.00860848,0.0126845,
512,26,0.05,0.00848878,0.0147497,
513,26,0.05,0.0083998,0.0124062,
514,26,0.05,0.00841312,0.012592,
515,26,0.05,0.00828026,0.0124379,
516,26,0.05,0.00863035,0.0126273,
517,26,0.05,0.00926212,0.0126864,
518,26,0.05,0.00852034,0.0125872,
519,26,0.05,0.00877857,0.0132306,
520,26,0.05,0.00862342,0.0130524,
521,27,0.05,0.00912574,0.0132366,
522,27,0.05,0.00918015,0.0155166,
523,27,0.05,0.00906704,0.0134963,
524,27,0.05,0.00906544,0.0152362,
525,27,0.05,0.00916996,0.0136871,
526,27,0.05,0.00933988,0.0137625,
527,27,0.05,0.00983386,0.0135573,
528,27,0.05,0.00926861,0.0158439,
529,27,0.05,0.00926545,0.0161044,
530,27,0.05,0.00932268,0.0136931,
531,27,0.05,0.00934857,0.015066,
532,27,0.05,0.00951161,0.0146868,
533,27,0.05,0.00947507,0.0147899,
534,27,0.05,0.00971317,0.0147803,
535,27,0.05,0.00958488,0.014992,
536,27,0.05,0.00966854,0.0124018,
537,27,0.05,0.0096016,0.0150286,
538,27,0.05,0.00952673,0.014852,
539,27,0.05,0.00967458,0.0150077,
540,27,0.05,0.00979946,0.0148388,
541,28,0.05,0.0100563,0.0155617,
542,28,0.05,0.0101227,0.0157619,
543,28,0.05,0.010118,0.0158296,
544,28,0.05,0.010339,0.0159325,
545,28,0.05,0.0102453,0.0157996,
546,28,0.05,0.0103033,0.0158452,
547,28,0.05,0.0103571,0.0160467,
548,28,0.05,0.0103382,0.0158457,
549,28,0.05,0.0104997,0.0157389,
550,28,0.05,0.0102734,0.0158363,
551,28,0.05,0.0105358,0.015848,
552,28,0.05,0.0106779,0.0163147,
553,28,0.05,0.0105627,0.0161035,
554,28,0.05,0.0105586,0.0160654,
555,28,0.05,0.0105002,0.0159324,
556,28,0.05,0.0104101,0.0163807,
557,28,0.05,0.0107693,0.0162144,
558,28,0.05,0.0106625,0.0165717,
559,28,0.05,0.0107011,0.0162918,
560,28,0.05,0.0107824,0.0152361,
561,29,0.05,0.011105,0.0141292,
562,29,0.05,0.0111873,0.0170034,
563,29,0.05,0.0112261,0.0172524,
564,29,0.05,0.0113601,0.0167061,
565,29,0.05,0.0113659,0.0171409,
566,29,0.05,0.0113355,0.0173251,
567,29,0.05,0.0114225,0.0174951,
568,29,0.05,0.0114042,0.0176089,
569,29,0.05,0.0114379,0.0173871,
570,29,0.05,0.0114599,0.0174194,
571,29,0.05,0.0115761,0.0172636,
572,29,0.05,0.0115166,0.0180323,
573,29,0.05,0.0115347,0.0175969,
574,29,0.05,0.0116906,0.0171912,
575,29,0.05,0.0115321,0.0175969,
576,29,0.05,0.0115292,0.0175986,
577,29,0.05,0.0116984,0.0177149,
578,29,0.05,0.0117178,0.0150095,
579,29,0.05,0.011529,0.0179156,
580,29,0.05,0.0123863,0.0174562,
581,30,0.05,0.0122547,0.0156103,
582,30,0.05,0.0121063,0.0186381,
583,30,0.05,0.0123405,0.0187894,
584,30,0.05,0.0121593,0.0159507,
585,30,0.05,0.0122447,0.01928,
586,30,0.05,0.012481,0.0187256,
587,30,0.05,0.0124744,0.0185644,
588,30,0.05,0.0126087,0.0188063,
589,30,0.05,0.0124189,0.0187383,
590,30,0.05,0.0127447,0.0186517,
591,30,0.05,0.0126969,0.0186441,
592,30,0.05,0.0127183,0.0191214,
593,30,0.05,0.0127825,0.0193667,
594,30,0.05,0.0127955,0.0188821,
595,30,0.05,0.0127593,0.0192086,
596,30,0.05,0.0127079,0.0190341,
597,30,0.05,0.0127032,0.0190709,
598,30,0.05,0.0127056,0.0187749,
599,30,0.05,0.0127134,0.0194778,
600,30,0.05,0.0129694,0.0165851,
601,31,0.05,0.0134566,0.0197238,
602,31,0.05,0.0134487,0.0199429,
603,31,0.05,0.0139008,0.020122,
604,31,0.05,0.0135939,0.019742,
605,31,0.05,0.0135101,0.0202238,
606,31,0.05,0.0136319,0.0200634,
607,31,0.05,0.0136706,0.0203597,
608,31,0.05,0.0137148,0.0202418,
609,31,0.05,0.0137441,0.0203403,
610,31,0.05,0.0136345,0.0203478,
611,31,0.05,0.0138401,0.019964,
612,31,0.05,0.0139275,0.0205516,
613,31,0.05,0.013706,0.0203415,
614,31,0.05,0.0139172,0.0204526,
615,31,0.05,0.0138466,0.0206379,
616,31,0.05,0.0139208,0.0203089,
617,31,0.05,0.0140717,0.0205184,
618,31,0.05,0.0139997,0.0205258,
619,31,0.05,0.0141138,0.0207094,
620,31,0.05,0.0140822,0.0207782,
621,32,0.05,0.0147265,0.0211679,
622,32,0.05,0.0146578,0.0212276,
623,32,0.05,0.0153592,0.021238,
624,32,0.05,0.0146604,0.0219335,
625,32,0.05,0.0148554,0.021809,
626,32,0.05,0.0148907,0.0221617,
627,32,0.05,0.0148449,0.0218137,
628,32,0.05,0.0148967,0.0219594,
629,32,0.05,0.0151046,0.0219437,
630,32,0.05,0.0160483,0.0194056,
631,32,0.05,0.0161173,0.0220322,
632,32,0.05,0.0162227,0.0218412,
633,32,0.05,0.0163145,0.0224033,
634,32,0.05,0.0151342,0.0221647,
635,32,0.05,0.0164311,0.022273,
636,32,0.05,0.0151817,0.022171,
637,32,0.05,0.0163985,0.0224797,
638,32,0.05,0.0153291,0.0222971,
639,32,0.05,0.0154954,0.0229908,
640,32,0.05,0.015418,0.0222791,
641,33,0.05,0.0170787,0.0230131,
642,33,0.05,0.0162187,0.0236175,
643,33,0.05,0.0173862,0.0237409,
644,33,0.05,0.0172435,0.0234625,
645,33,0.05,0.0161505,0.0209185,
646,33,0.05,0.0171394,0.023481,
647,33,0.05,0.0162175,0.0240886,
648,33,0.05,0.0172705,0.0239582,
649,33,0.05,0.0165033,0.0239232,
650,33,0.05,0.0163438,0.0237992,
651,33,0.05,0.0163275,0.023878,
652,33,0.05,0.0164089,0.0239636,
653,33,0.05,0.0164797,0.0239237,
654,33,0.05,0.0176292,0.0240576,
655,33,0.05,0.0165892,0.0242545,
656,33,0.05,0.01652,0.0239066,
657,33,0.05,0.0177632,0.0240915,
658,33,0.05,0.0177745,0.0241169,
659,33,0.05,0.0166562,0.0234578,
660,33,0.05,0.0179854,0.0250946,
661,34,0.05,0.0191468,0.0252937,
662,34,0.05,0.018683,0.0249323,
663,34,0.05,0.0187452,0.0252166,
664,34,0.05,0.0175703,0.0251271,
665,34,0.05,0.0176011,0.0256329,
666,34,0.05,0.0176451,0.0253745,
667,34,0.05,0.0176589,0.0257731,
668,34,0.05,0.0188172,0.0231612,
669,34,0.05,0.017534,0.0228258,
670,34,0.05,0.0176343,0.0258816,
671,34,0.05,0.0177278,0.0255825,
672,34,0.05,0.0188436,0.0259561,
673,34,0.05,0.0177177,0.0257262,
674,34,0.05,0.0190519,0.0232753,
675,34,0.05,0.0178518,0.0261152,
676,34,0.05,0.0193476,0.0266797,
677,34,0.05,0.0179845,0.0259268,
678,34,0.05,0.0180336,0.0257911,
679,34,0.05,0.0181746,0.026252,
680,34,0.05,0.0181234,0.0260861,
681,35,0.05,0.0200743,0.0243934,
682,35,0.05,0.0188838,0.0269961,
683,35,0.05,0.0200863,0.0271547,
684,35,0.05,0.0202762,0.0272608,
685,35,0.05,0.01895,0.0272613,
686,35,0.05,0.0188125,0.0250471,
687,35,0.05,0.0201164,0.0271412,
688,35,0.05,0.0189334,0.0273286,
689,35,0.05,0.0203758,0.0272253,
690,35,0.05,0.0203486,0.0274419,
691,35,0.05,0.0191102,0.0249001,
692,35,0.05,0.0202365,0.0275133,
693,35,0.05,0.019265,0.0276488,
694,35,0.05,0.0205675,0.0260666,
695,35,0.05,0.0193651,0.0281045,
696,35,0.05,0.0193204,0.0249802,
697,35,0.05,0.0205088,0.0277013,
698,35,0.05,0.0194301,0.0278728,
699,35,0.05,0.0208118,0.0282687,
700,35,0.05,0.0193389,0.0276831,
701,36,0.05,0.0214739,0.0290569,
702,36,0.05,0.020285,0.0289337,
703,36,0.05,0.0202605,0.0287349,
704,36,0.05,0.0215923,0.0294043,
705,36,0.05,0.0204283,0.0289645,
706,36,0.05,0.0211574,0.0289909,
707,36,0.05,0.0220533,0.0291162,
708,36,0.05,0.0204482,0.0303515,
709,36,0.05,0.0204876,0.0297709,
710,36,0.05,0.0205278,0.0294663,
711,36,0.05,0.0205111,0.0266253,
712,36,0.05,0.0204584,0.0292048,
713,36,0.05,0.0219132,0.0292612,
714,36,0.05,0.0208709,0.0294714,
715,36,0.05,0.0207325,0.0301092,
716,36,0.05,0.0220139,0.0297981,
717,36,0.05,0.0221953,0.0300092,
718,36,0.05,0.0207986,0.0298635,
719,36,0.05,0.0221668,0.0299161,
720,36,0.05,0.0224066,0.0301127,
721,37,0.05,0.022976,0.0308001,
722,37,0.05,0.0231403,0.0308448,
723,37,0.05,0.023199,0.028336,
724,37,0.05,0.0217626,0.0308202,
725,37,0.05,0.0231374,0.0284412,
726,37,0.05,0.0216764,0.0286379,
727,37,0.05,0.0219679,0.0310038,
728,37,0.05,0.0234076,0.0311386,
729,37,0.05,0.0220471,0.0312395,
730,37,0.05,0.0219523,0.031562,
731,37,0.05,0.0220894,0.0314517,
732,37,0.05,0.0221425,0.0313935,
733,37,0.05,0.0235245,0.0319229,
734,37,0.05,0.0221295,0.0317165,
735,37,0.05,0.0223204,0.0289906,
736,37,0.05,0.0237098,0.0319771,
737,37,0.05,0.0223787,0.0316258,
738,37,0.05,0.0223858,0.0318221,
739,37,0.05,0.0224528,0.0294618,
740,37,0.05,0.0225399,0.0317465,
741,38,0.05,0.0245242,0.0300167,
742,38,0.05,0.0229946,0.0330065,
743,38,0.05,0.0249661,0.0330461,
744,38,0.05,0.0248342,0.0330522,
745,38,0.05,0.0248575,0.0305438,
746,38,0.05,0.0235085,0.0334185,
747,38,0.05,0.0249345,0.0330629,
748,38,0.05,0.0235351,0.0330337,
749,38,0.05,0.0249819,0.0334404,
750,38,0.05,0.0250746,0.0335631,
751,38,0.05,0.0236217,0.0317189,
752,38,0.05,0.0236796,0.0308571,
753,38,0.05,0.0251648,0.0337114,
754,38,0.05,0.025308,0.0339808,
755,38,0.05,0.0239321,0.0310603,
756,38,0.05,0.0237415,0.0337744,
757,38,0.05,0.0240824,0.03121,
758,38,0.05,0.0238483,0.0339477,
759,38,0.05,0.0255711,0.0340723,
760,38,0.05,0.0254374,0.0322059,
761,39,0.05,0.0262287,0.0351871,
762,39,0.05,0.024929,0.0324663,
763,39,0.05,0.0247364,0.0349806,
764,39,0.05,0.0249085,0.0354957,
765,39,0.05,0.0249455,0.0352673,
766,39,0.05,0.0250266,0.0352697,
767,39,0.05,0.0263854,0.0352003,
768,39,0.05,0.0266369,0.0354755,
769,39,0.05,0.0267495,0.0353675,
770,39,0.05,0.0268904,0.0355016,
771,39,0.05,0.0268918,0.0357085,
772,39,0.05,0.0252806,0.0354942,
773,39,0.05,0.0252726,0.0358679,
774,39,0.05,0.0269057,0.0333539,
775,39,0.05,0.0269254,0.0359483,
776,39,0.05,0.0253819,0.0360503,
777,39,0.05,0.0257139,0.0357402,
778,39,0.05,0.0271636,0.0359215,
779,39,0.05,0.0257556,0.0360808,
780,39,0.05,0.0274698,0.0361423,
781,40,0.05,0.0279429,0.0369268,
782,40,0.05,0.0279466,0.0368848,
783,40,0.05,0.0282752,0.0373438,
784,40,0.05,0.026509,0.0374475,
785,40,0.05,0.0266297,0.0372288,
786,40,0.05,0.0282927,0.0374981,
787,40,0.05,0.02835,0.0376043,
788,40,0.05,0.0268436,0.0376659,
789,40,0.05,0.0285395,0.0349487,
790,40,0.05,0.0268298,0.0377245,
791,40,0.05,0.0270614,0.0377785,
792,40,0.05,0.0286749,0.0376521,
793,40,0.05,0.0269165,0.0379529,
794,40,0.05,0.02696,0.0379918,
795,40,0.05,0.0289244,0.0381077,
796,40,0.05,0.0271084,0.0380205,
797,40,0.05,0.0275131,0.037974,
798,40,0.05,0.0273132,0.0383498,
799,40,0.05,0.0273718,0.038591,
800,40,0.05,0.029058,0.0382534,
801,41,0.05,0.0297472,0.0392286,
802,41,0.05,0.0280296,0.0395115,
803,41,0.05,0.0297463,0.0393292,
804,41,0.05,0.0299436,0.0395562,
805,41,0.05,0.0283609,0.0397084,
806,41,0.05,0.0283177,0.039806,
807,41,0.05,0.0300058,0.0392409,
808,41,0.05,0.0302735,0.0397989,
809,41,0.05,0.0302786,0.0399235,
810,41,0.05,0.0285323,0.0399844,
811,41,0.05,0.0286638,0.0404766,
812,41,0.05,0.0304471,0.0401266,
813,41,0.05,0.0288065,0.0380874,
814,41,0.05,0.0304773,0.0403353,
815,41,0.05,0.0290648,0.0377039,
816,41,0.05,0.0308566,0.0376842,
817,41,0.05,0.0307709,0.0408789,
818,41,0.05,0.0292507,0.0412036,
819,41,0.05,0.0289296,0.0406952,
820,41,0.05,0.0291084,0.038147,
821,42,0.05,0.0318662,0.0386846,
822,42,0.05,0.0315557,0.0414345,
823,42,0.05,0.0298159,0.0391688,
824,42,0.05,0.0317737,0.0414649,
825,42,0.05,0.0319278,0.0417821,
826,42,0.05,0.0300539,0.0422211,
827,42,0.05,0.0320043,0.0418823,
828,42,0.05,0.0303768,0.0427224,
829,42,0.05,0.0317807,0.0426524,
830,42,0.05,0.0324027,0.0398901,
831,42,0.05,0.0303748,0.0425718,
832,42,0.05,0.0302939,0.0425173,
833,42,0.05,0.0307367,0.0425705,
834,42,0.05,0.0308004,0.042403,
835,42,0.05,0.032559,0.0427942,
836,42,0.05,0.0327074,0.0432519,
837,42,0.05,0.0311179,0.0435926,
838,42,0.05,0.0312148,0.0433087,
839,42,0.05,0.0327289,0.0406086,
840,42,0.05,0.0312317,0.0434155,
841,43,0.05,0.0332585,0.0448792,
842,43,0.05,0.0332402,0.0451913,
843,43,0.05,0.0319871,0.044464,
844,43,0.05,0.0332316,0.0443715,
845,43,0.05,0.0335048,0.044942,
846,43,0.05,0.0319698,0.0445251,
847,43,0.05,0.0320967,0.0446151,
848,43,0.05,0.0335945,0.0446088,
849,43,0.05,0.0336806,0.0449202,
850,43,0.05,0.0325422,0.0449699,
851,43,0.05,0.0338501,0.0454404,
852,43,0.05,0.0323667,0.0455329,
853,43,0.05,0.0338927,0.0458307,
854,43,0.05,0.0324024,0.0452277,
855,43,0.05,0.0325588,0.0452908,
856,43,0.05,0.0326014,0.0440109,
857,43,0.05,0.0342004,0.0457703,
858,43,0.05,0.034523,0.0465013,
859,43,0.05,0.0328711,0.0458292,
860,43,0.05,0.034388,0.0461084,
861,44,0.05,0.0348532,0.046913,
862,44,0.05,0.0352903,0.046768,
863,44,0.05,0.0337207,0.0474873,
864,44,0.05,0.0338216,0.0476202,
865,44,0.05,0.0354285,0.0471567,
866,44,0.05,0.0338157,0.047413,
867,44,0.05,0.034099,0.0472947,
868,44,0.05,0.033882,0.0472855,
869,44,0.05,0.0358209,0.0476908,
870,44,0.05,0.0341308,0.0479943,
871,44,0.05,0.0358054,0.0483062,
872,44,0.05,0.0344769,0.0479528,
873,44,0.05,0.0343066,0.0474694,
874,44,0.05,0.0361325,0.0479609,
875,44,0.05,0.0344925,0.0451422,
876,44,0.05,0.0346344,0.048817,
877,44,0.05,0.0363587,0.0485486,
878,44,0.05,0.0348561,0.0481616,
879,44,0.05,0.0347989,0.045643,
880,44,0.05,0.0347322,0.0460797,
881,45,0.05,0.036966,0.049592,
882,45,0.05,0.0373773,0.0495509,
883,45,0.05,0.0356464,0.0498325,
884,45,0.05,0.0356624,0.0498733,
885,45,0.05,0.0360521,0.0502261,
886,45,0.05,0.036124,0.0472678,
887,45,0.05,0.0361143,0.0500149,
888,45,0.05,0.0359312,0.0506405,
889,45,0.05,0.0360144,0.0473288,
890,45,0.05,0.0358055,0.049825,
891,45,0.05,0.0379784,0.0478719,
892,45,0.05,0.0374729,0.0501617,
893,45,0.05,0.0381345,0.0502615,
894,45,0.05,0.0362815,0.0502333,
895,45,0.05,0.0381588,0.0510008,
896,45,0.05,0.0366234,0.0490796,
897,45,0.05,0.0366556,0.0507946,
898,45,0.05,0.0367215,0.0511252,
899,45,0.05,0.0368704,0.0484685,
900,45,0.05,0.0384466,0.0512023,
901,46,0.05,0.0393938,0.0527904,
902,46,0.05,0.038506,0.0521609,
903,46,0.05,0.0376963,0.0520672,
904,46,0.05,0.0394476,0.0535704,
905,46,0.05,0.0378474,0.0498118,
906,46,0.05,0.0377278,0.0524828,
907,46,0.05,0.0378943,0.052045,
908,46,0.05,0.0397734,0.0527092,
909,46,0.05,0.0380132,0.0526773,
910,46,0.05,0.0390502,0.0528564,
911,46,0.05,0.0382533,0.0523209,
912,46,0.05,0.0383963,0.050182,
913,46,0.05,0.0400142,0.0531542,
914,46,0.05,0.0385199,0.0536173,
915,46,0.05,0.0383891,0.053241,
916,46,0.05,0.0404776,0.0548415,
917,46,0.05,0.0403147,0.0534849,
918,46,0.05,0.0403112,0.0540456,
919,46,0.05,0.0389704,0.0546675,
920,46,0.05,0.0406786,0.0538617,
921,47,0.05,0.0410765,0.0546436,
922,47,0.05,0.0415088,0.0545842,
923,47,0.05,0.0395874,0.0549481,
924,47,0.05,0.0416513,0.0524887,
925,47,0.05,0.0418191,0.0549708,
926,47,0.05,0.0399365,0.0559719,
927,47,0.05,0.0421402,0.0559014,
928,47,0.05,0.0399966,0.055138,
929,47,0.05,0.0419741,0.0555999,
930,47,0.05,0.040369,0.0552451,
931,47,0.05,0.040177,0.0554572,
932,47,0.05,0.0420688,0.0557601,
933,47,0.05,0.0406225,0.0557046,
934,47,0.05,0.0424945,0.0562679,
935,47,0.05,0.0405802,0.0558598,
936,47,0.05,0.0406661,0.0534013,
937,47,0.05,0.040613,0.0562858,
938,47,0.05,0.0407076,0.0569912,
939,47,0.05,0.0424813,0.0563194,
940,47,0.05,0.0410139,0.056701,
941,48,0.05,0.0436615,0.0574392,
942,48,0.05,0.0419327,0.057891,
943,48,0.05,0.0416667,0.0575418,
944,48,0.05,0.0436094,0.0574399,
945,48,0.05,0.0418775,0.0576543,
946,48,0.05,0.0417687,0.0586569,
947,48,0.05,0.0436975,0.0582831,
948,48,0.05,0.0437403,0.0582964,
949,48,0.05,0.0440564,0.0581173,
950,48,0.05,0.0421307,0.0582387,
951,48,0.05,0.0454106,0.0586293,
952,48,0.05,0.0425394,0.0583084,
953,48,0.05,0.0443814,0.0585957,
954,48,0.05,0.0442019,0.0594635,
955,48,0.05,0.0427483,0.0563073,
956,48,0.05,0.0443343,0.0588933,
957,48,0.05,0.0447995,0.0590204,
958,48,0.05,0.0448818,0.0592805,
959,48,0.05,0.042745,0.0590055,
960,48,0.05,0.0430174,0.059297,
961,49,0.05,0.045595,0.0602667,
962,49,0.05,0.0456763,0.0603868,
963,49,0.05,0.0454843,0.0603255,
964,49,0.05,0.0458122,0.0602922,
965,49,0.05,0.0440731,0.0611262,
966,49,0.05,0.045852,0.0606413,
967,49,0.05,0.0460275,0.0608293,
968,49,0.05,0.0442474,0.0607497,
969,49,0.05,0.0441887,0.061923,
970,49,0.05,0.0463141,0.0613135,
971,49,0.05,0.0441559,0.0612492,
972,49,0.05,0.0464705,0.0614455,
973,49,0.05,0.0446211,0.0619569,
974,49,0.05,0.0444857,0.0613267,
975,49,0.05,0.0445691,0.0619777,
976,49,0.05,0.0450492,0.0615897,
977,49,0.05,0.0447853,0.0617739,
978,49,0.05,0.0453603,0.0626219,
979,49,0.05,0.0449575,0.061926,
980,49,0.05,0.0469972,0.0623856,
981,50,0.05,0.0477205,0.0631815,
982,50,0.05,0.0461245,0.0604234,
983,50,0.05,0.04797,0.0632458,
984,50,0.05,0.0481068,0.0630734,
985,50,0.05,0.0481717,0.0641564,
986,50,0.05,0.0484228,0.0640049,
987,50,0.05,0.0462772,0.0646905,
988,50,0.05,0.0484062,0.0639963,
989,50,0.05,0.0462999,0.0610626,
990,50,0.05,0.0466067,0.0641432,
991,50,0.05,0.0489259,0.0645573,
992,50,0.05,0.0466208,0.0645058,
993,50,0.05,0.0468928,0.0645957,
994,50,0.05,0.0469515,0.065774,
995,50,0.05,0.049398,0.0655495,
996,50,0.05,0.0470306,0.0647221,
997,50,0.05,0.0474963,0.0650228,
998,50,0.05,0.0471952,0.0636729,
999,50,0.05,0.0476012,0.0649333,
1000,50,0.05,0.0474251,0.0650265,
